,title,price,disc
0,"Asatryan Consulting1,031 հայտարարություն126 հետևորդ13 կարծիքԹողնել մեկնաբանություն{""@context"":""https://schema.org/"",""@type"":""AggregateRating"",""ratingValue"":4.7,""ratingCount"":13,""bestRating"":5,""itemReviewed"":{""@type"":""LocalBusiness"",""name"":""Asatryan Consulting"",""image"":""https://upa.list.am/9772.jpg""}}","Ֆիլտրներ$158,0003 սենյականոց բնակարան Կիևյան փողոցում, 78 ք.մ., բարձր առաստաղներ, 3/5 հարկ, կապիտալ վերանորոգվածԿենտրոն, 3 սեն., 78 ք.մ., 3/5 հարկ$439,0005 սենյականոց բնակարան նորակառույց շենքում Մարշալ Բաղրամյան պողոտայում, 165 ք.մ., 3+ սանհանգույցԱրաբկիր, 5 սեն., 165 ք.մ., 11/17 հարկ550,000,000 ֏5 սենյականոց բնակարան նորակառույց շենքում Տերյան փողոցում, 195 ք.մ., 2 սանհանգույց, բարձր առաստաղներԿենտրոն, 5 սեն., 195 ք.մ., 4/12 հարկ$340,0004 սենյականոց բնակարան Դերենիկ Դեմիրճյանի փողոցում, 136 ք.մ., 2 սանհանգույց, նախավերջին հարկԿենտրոն, 4 սեն., 136 ք.մ., 7/8 հարկ$400,0003 սենյականոց բնակարան նորակառույց շենքում Վերին Անտառային փողոցում, 150 ք.մ., 2 սանհանգույցԿենտրոն, 3 սեն., 150 ք.մ., 3/5 հարկ$110,0003 սենյականոց բնակարան Ազատության պողոտայում, 67 ք.մ., 2 սանհանգույց, բարձր առաստաղներԱրաբկիր, 3 սեն., 67 ք.մ., 9/9 հարկ$150,000Ընդարձակ 3 սենյականոց բնակարան Վիկտոր Համբարձումյան փողոցում, 198 ք.մ., մի քանի պատշգամբԱրաբկիր, 3 սեն., 198 ք.մ., 9/9 հարկ$355,0004 սենյականոց բնակարան Օրբելի եղբայրների փողոցում, 146 ք.մ., 2 սանհանգույց, 2/5 հարկԱրաբկիր, 4 սեն., 146 ք.մ., 2/5 հարկ$225,0004 սենյականոց բնակարան Վարդանանց փողոցում, 148 ք.մ., 2 սանհանգույց, բարձր առաստաղներ, քարե շենքԿենտրոն, 4 սեն., 148 ք.մ., 4/4 հարկ$1,500,000Ընդարձակ 6 սենյականոց բնակարան նորակառույց շենքում Արամի փողոցում, 336 ք.մ., 3+ սանհանգույցԿենտրոն, 6 սեն., 336 ք.մ., 5/14 հարկ$185,000Ստուգված է3 սենյականոց բնակարան նորակառույց շենքում Օրբելի եղբայրների փողոցում, 74 ք.մ., 2 սանհանգույցԱրաբկիր, 3 սեն., 74 ք.մ., 2/10 հարկ$350,0004 սենյականոց բնակարան Մեսրոպ Մաշտոցի պողոտայում, 85 ք.մ., 2 սանհանգույց, բարձր առաստաղներԿենտրոն, 4 սեն., 85 ք.մ., 4/4 հարկ$295,0004 սենյականոց բնակարան Մեսրոպ Մաշտոցի պողոտայում, 80 ք.մ., բարձր առաստաղներ, մի քանի պատշգամբԿենտրոն, 4 սեն., 80 ք.մ., 4/4 հարկ5 սենյականոց բնակարան նորակառույց շենքում Լեոյի փողոցում, 231 ք.մ., 3+ սանհանգույց, բարձր առաստաղներԿենտրոն, 5 սեն., 231 ք.մ., 13/16 հարկ$235,0004 սենյականոց բնակարան նորակառույց շենքում Նիկողայոս Ադոնց փողոցում, 103 ք.մ., 2 սանհանգույցՔանաքեռ Զեյթուն, 4 սեն., 103 ք.մ., 9/11 հարկ$500,0002 սենյականոց բնակարան նորակառույց շենքում Վերին Անտառային փողոցում, 93 ք.մ., 2 սանհանգույցԱրաբկիր, 2 սեն., 93 ք.մ., 5/6 հարկ8 սենյականոց բնակարան նորակառույց շենքում Վերին Անտառային փողոցում, 350 ք.մ., 3+ սանհանգույցԿենտրոն, 8 սեն., 350 ք.մ., 4/5 հարկ$315,0003 սենյականոց բնակարան նորակառույց շենքում Պարոնյան փողոցում, 120 ք.մ., բարձր առաստաղներ, 10/13 հարկԿենտրոն, 3 սեն., 120 ք.մ., 10/13 հարկ$385,0004 սենյականոց բնակարան նորակառույց շենքում Մարշալ Բաղրամյան պողոտայում, 127 ք.մ., 2 սանհանգույցԿենտրոն, 4 սեն., 127 ք.մ., 6/14 հարկ$565,0008 սենյականոց բնակարան նորակառույց շենքում Արաբկիրում, 376 ք.մ., 3+ սանհանգույց, բարձր առաստաղներԱրաբկիր, 8 սեն., 376 ք.մ., 17/17 հարկ$57,0002 սենյականոց բնակարան Շարուրի փողոցում, 49 ք.մ., 2/2 հարկ, կապիտալ վերանորոգված, քարե շենքՇենգավիթ, 2 սեն., 49 ք.մ., 2/2 հարկԸնդարձակ 2 սենյականոց բնակարան նորակառույց շենքում Եկմալյան փողոցում, 107 ք.մ., բարձր առաստաղներԿենտրոն, 2 սեն., 107 ք.մ., 6/18 հարկ$95,0003 սենյականոց բնակարան Գյուլիքեխվյան փողոցում, 77 ք.մ., 4/9 հարկ, մասնակի վերանորոգումՆոր Նորք, 3 սեն., 77 ք.մ., 4/9 հարկ$100,0002 սենյականոց բնակարան Մարշալ Բաղրամյան պողոտայում, 61 ք.մ., բարձր առաստաղներ, քարե շենքԱրաբկիր, 2 սեն., 61 ք.մ., 4/4 հարկԸնդարձակ 5 սենյականոց բնակարան նորակառույց շենքում Թումանյան փողոցում, 260 ք.մ., 3+ սանհանգույցԿենտրոն, 5 սեն., 260 ք.մ., 5/7 հարկ2 սենյականոց բնակարան նորակառույց շենքում Մյասնիկյանի պողոտայում, 69 ք.մ., բարձր առաստաղներՆորք Մարաշ, 2 սեն., 69 ք.մ., 5/17 հարկ$140,0006 սենյականոց բնակարան Բագրատունյաց պողոտայում, 117 ք.մ., 2 սանհանգույց, մի քանի պատշգամբՇենգավիթ, 6 սեն., 117 ք.մ., 8/8 հարկ$185,0003 սենյականոց բնակարան Պուշկինի փողոցում, 140 ք.մ., բարձր առաստաղներ, նախավերջին հարկԿենտրոն, 3 սեն., 140 ք.մ., 8/9 հարկ4 սենյականոց բնակարան նորակառույց շենքում Այգեձորի փողոցում, 179 ք.մ., 2 սանհանգույցԿենտրոն, 4 սեն., 179 ք.մ., 2/6 հարկԸնդարձակ 4 սենյականոց բնակարան նորակառույց շենքում Արամի փողոցում, 400 ք.մ., 3+ սանհանգույցԿենտրոն, 4 սեն., 400 ք.մ., 17/17 հարկ$250,0003 սենյականոց բնակարան Ամիրյան փողոցում, 80 ք.մ., 2 սանհանգույց, բարձր առաստաղներ, նախավերջին հարկԿենտրոն, 3 սեն., 80 ք.մ., 4/5 հարկ$330,0003 սենյականոց բնակարան նորակառույց շենքում Ռիգայի փողոցում, 140 ք.մ., 2 սանհանգույց, բարձր առաստաղներԱրաբկիր, 3 սեն., 140 ք.մ., 12/12 հարկ$260,0003 սենյականոց բնակարան Մոսկովյան փողոցում, 92 ք.մ., բարձր առաստաղներ, 1/4 հարկ, կապիտալ վերանորոգվածԿենտրոն, 3 սեն., 92 ք.մ., 1/4 հարկ$550,0005 սենյականոց բնակարան նորակառույց շենքում Աբովյան փողոցում, 190 ք.մ., 2 սանհանգույցԿենտրոն, 5 սեն., 190 ք.մ., 5/5 հարկ$350,0003 սենյականոց բնակարան նորակառույց շենքում Եկմալյան փողոցում, 77 ք.մ., բարձր առաստաղներ, 7/10 հարկԿենտրոն, 3 սեն., 77 ք.մ., 7/10 հարկ$340,0004 սենյականոց բնակարան Պուշկինի փողոցում, 160 ք.մ., 2 սանհանգույց, բարձր առաստաղներ, մի քանի պատշգամբԿենտրոն, 4 սեն., 160 ք.մ., 4/4 հարկ$315,0003 սենյականոց բնակարան նորակառույց շենքում Սասնա Ծռերի փողոցում, 114 ք.մ., բարձր առաստաղներԿենտրոն, 3 սեն., 114 ք.մ., 8/14 հարկ$480,0006 սենյականոց բնակարան Հանրապետության փողոցում, 230 ք.մ., 3+ սանհանգույց, բարձր առաստաղներԿենտրոն, 6 սեն., 230 ք.մ., 5/6 հարկ$550,000Ընդարձակ 4 սենյականոց բնակարան նորակառույց շենքում Բելյակովի փողոցում, 265 ք.մ., 2 սանհանգույցԿենտրոն, 4 սեն., 265 ք.մ., 9/10 հարկ$190,0002 սենյականոց բնակարան նորակառույց շենքում Պարոնյան փողոցում, 78 ք.մ., բարձր առաստաղներ, 3/14 հարկԿենտրոն, 2 սեն., 78 ք.մ., 3/14 հարկ$200,0002 սենյականոց բնակարան նորակառույց շենքում Նաիրի Զարյան փողոցում, 80 ք.մ., բարձր առաստաղներԱրաբկիր, 2 սեն., 80 ք.մ., 12/17 հարկ$255,0003 սենյականոց բնակարան նորակառույց շենքում Փավստոս Բուզանդի փողոցում, 69 ք.մ., 2 սանհանգույցԿենտրոն, 3 սեն., 69 ք.մ., 2/8 հարկ$255,0003 սենյականոց բնակարան նորակառույց շենքում Փավստոս Բուզանդի փողոցում, 68 ք.մ., 2 սանհանգույցԿենտրոն, 3 սեն., 68 ք.մ., 2/8 հարկ$359,0003 սենյականոց բնակարան նորակառույց շենքում Տերյան փողոցում, 150 ք.մ., բարձր առաստաղներԿենտրոն, 3 սեն., 150 ք.մ., 6/7 հարկ$550,0004 սենյականոց բնակարան նորակառույց շենքում Տերյան փողոցում, 154 ք.մ., 2 սանհանգույց, բարձր առաստաղներԿենտրոն, 4 սեն., 154 ք.մ., 7/10 հարկ$750,0004 սենյականոց բնակարան նորակառույց շենքում Պուշկինի փողոցում, 180 ք.մ., 3+ սանհանգույցԿենտրոն, 4 սեն., 180 ք.մ., 5/9 հարկ5 սենյականոց բնակարան նորակառույց շենքում Հրաչյա Ներսիսյան փողոցում, 170 ք.մ., 3+ սանհանգույցՔանաքեռ Զեյթուն, 5 սեն., 170 ք.մ., 18/19 հարկ4 սենյականոց բնակարան նորակառույց շենքում Մեսրոպ Մաշտոցի պողոտայում, 164 ք.մ., 3+ սանհանգույցԿենտրոն, 4 սեն., 164 ք.մ., 9/14 հարկ$295,0003 սենյականոց բնակարան նորակառույց շենքում Քեռու փողոցում, 100 ք.մ., 2 սանհանգույց, բարձր առաստաղներԱրաբկիր, 3 սեն., 100 ք.մ., 4/18 հարկ$210,0003 սենյականոց բնակարան նորակառույց շենքում Մովսես Խորենացու փողոցում, 95 ք.մ., բարձր առաստաղներԿենտրոն, 3 սեն., 95 ք.մ., 4/7 հարկ$525,0005 սենյականոց բնակարան Հանրապետության փողոցում, 209 ք.մ., 3+ սանհանգույց, բարձր առաստաղներԿենտրոն, 5 սեն., 209 ք.մ., 4/4 հարկ$120,0004 սենյականոց բնակարան Ավետ Ավետիսյան փողոցում, 82 ք.մ., 2 սանհանգույց, նախավերջին հարկԱրաբկիր, 4 սեն., 82 ք.մ., 15/16 հարկ$500,0003 սենյականոց բնակարան նորակառույց շենքում Վերին Անտառային փողոցում, 109 ք.մ., 2 սանհանգույցԿենտրոն, 3 սեն., 109 ք.մ., 1/6 հարկ3 սենյականոց բնակարան Ադմիրալ Իսակովի պողոտայում, 89 ք.մ., 2 սանհանգույց, 2/4 հարկ, քարե շենքԿենտրոն, 3 սեն., 89 ք.մ., 2/4 հարկ3 սենյականոց բնակարան նորակառույց շենքում Փավստոս Բուզանդի փողոցում, 121 ք.մ., 2 սանհանգույցԿենտրոն, 3 սեն., 121 ք.մ., 6/9 հարկ$535,000Ընդարձակ 7 սենյականոց բնակարան նորակառույց շենքում Վարդանանց փողոցում, 356 ք.մ., 3+ սանհանգույցԿենտրոն, 7 սեն., 356 ք.մ., 3/14 հարկ$230,0001 սենյականոց բնակարան նորակառույց շենքում Բյուզանդի փողոցում, 38 ք.մ., բարձր առաստաղներ, 10/15 հարկԿենտրոն, 1 սեն., 38 ք.մ., 10/15 հարկ$75,0003 սենյականոց բնակարան Արշակունյաց պողոտայում, 71 ք.մ., 1/2 հարկ, կապիտալ վերանորոգված, քարե շենքՇենգավիթ, 3 սեն., 71 ք.մ., 1/2 հարկ53,000,000 ֏3 սենյականոց բնակարան Գարեգին Նժդեհի փողոցում, 96 ք.մ., 2 սանհանգույց, բարձր առաստաղներ, քարե շենքՇենգավիթ, 3 սեն., 96 ք.մ., 5/5 հարկ$210,0003 սենյականոց բնակարան նորակառույց շենքում Մովսես Խորենացու փողոցում, 95 ք.մ., բարձր առաստաղներԿենտրոն, 3 սեն., 95 ք.մ., 4/6 հարկ68,000,000 ֏3 սենյականոց բնակարան նորակառույց շենքում Նիկողայոս Ադոնց փողոցում, 67 ք.մ., բարձր առաստաղներԱրաբկիր, 3 սեն., 67 ք.մ., 15/18 հարկ$238,0002 սենյականոց բնակարան նորակառույց շենքում Վերին Անտառային փողոցում, 94 ք.մ., 2 սանհանգույցԱրաբկիր, 2 սեն., 94 ք.մ., 1/6 հարկ$195,0004 սենյականոց բնակարան Կոմիտասի պողոտայում, 91 ք.մ., բարձր առաստաղներ, մի քանի պատշգամբ, 3/5 հարկԱրաբկիր, 4 սեն., 91 ք.մ., 3/5 հարկ$510,0004 սենյականոց բնակարան նորակառույց շենքում, Ծիծեռնակաբերդի խճուղի, 158 ք.մ., 2 սանհանգույցՄալաթիա Սեբաստիա, 4 սեն., 158 ք.մ., 7/14 հարկ$300,0003 սենյականոց բնակարան նորակառույց շենքում Վարդանանց փողոցում, 90 ք.մ., 2 սանհանգույցԿենտրոն, 3 սեն., 90 ք.մ., 18/22 հարկ$160,0003 սենյականոց բնակարան նորակառույց շենքում Նիկողայոս Ադոնցի փողոցում, 72 ք.մ., 2 սանհանգույցԱրաբկիր, 3 սեն., 72 ք.մ., 8/9 հարկ4 սենյականոց բնակարան նորակառույց շենքում Մյասնիկյանի պողոտայում, 130 ք.մ., 3+ սանհանգույցՆորք Մարաշ, 4 սեն., 130 ք.մ., 14/17 հարկ$182,0003 սենյականոց բնակարան նորակառույց շենքում Ռիգայի փողոցում, 117 ք.մ., բարձր առաստաղներ, 10/12 հարկԱրաբկիր, 3 սեն., 117 ք.մ., 10/12 հարկ$82,0002 սենյականոց բնակարան Ազատության պողոտայում, 53 ք.մ., 2 սանհանգույց, 7/9 հարկԱրաբկիր, 2 սեն., 53 ք.մ., 7/9 հարկ$195,0003 սենյականոց բնակարան Հանրապետության փողոցում, 118 ք.մ., բարձր առաստաղներ, կոսմետիկ վերանորոգումԿենտրոն, 3 սեն., 118 ք.մ., 4/4 հարկ2 սենյականոց բնակարան Թումանյան փողոցում, 61 ք.մ., նախավերջին հարկ, կապիտալ վերանորոգվածԿենտրոն, 2 սեն., 61 ք.մ., 9/10 հարկ$215,0004 սենյականոց բնակարան նորակառույց շենքում Հրաչյա Քոչար փողոցում, 107 ք.մ., 2 սանհանգույցԱրաբկիր, 4 սեն., 107 ք.մ., 2/7 հարկ$430,0003 սենյականոց բնակարան նորակառույց շենքում, 142 ք.մ., 2 սանհանգույց, բարձր առաստաղներԱյլ երկրներ, 3 սեն., 142 ք.մ., 15/24 հարկ3 սենյականոց բնակարան նորակառույց շենքում Վերին Անտառային փողոցում, 112 ք.մ., 2 սանհանգույցԿենտրոն, 3 սեն., 112 ք.մ., 2/3 հարկ4 սենյականոց բնակարան նորակառույց շենքում Արամի փողոցում, 174 ք.մ., 3+ սանհանգույց, բարձր առաստաղներԿենտրոն, 4 սեն., 174 ք.մ., 10/17 հարկ$750,0005 սենյականոց բնակարան նորակառույց շենքում Եկմալյան փողոցում, 200 ք.մ., 2 սանհանգույցԿենտրոն, 5 սեն., 200 ք.մ., 5/10 հարկ$750,000Ընդարձակ 4 սենյականոց բնակարան նորակառույց շենքում Վերին Անտառային փողոցում, 207 ք.մ.Կենտրոն, 4 սեն., 207 ք.մ., 2/6 հարկ$390,0008 սենյականոց բնակարան Սայաթ-Նովայի պողոտայում, 350 ք.մ., բարձր առաստաղներ, նախավերջին հարկԿենտրոն, 8 սեն., 350 ք.մ., 9/10 հարկ3 սենյականոց բնակարան Լենինգրադյան փողոցում, 87 ք.մ., բարձր առաստաղներ, 8/12 հարկԿենտրոն, 3 սեն., 87 ք.մ., 8/12 հարկԸնդարձակ 8 սենյականոց բնակարան նորակառույց շենքում Արամի փողոցում, 763 ք.մ., 3+ սանհանգույցԿենտրոն, 8 սեն., 763 ք.մ., 14/14 հարկ$400,0007 սենյականոց բնակարան Պուշկինի փողոցում, 350 ք.մ., 2 սանհանգույց, նախավերջին հարկԿենտրոն, 7 սեն., 350 ք.մ., 4/5 հարկ$1,200,0007 սենյականոց բնակարան նորակառույց շենքում Հյուսիսային պողոտայում, 270 ք.մ., 3+ սանհանգույցԿենտրոն, 7 սեն., 270 ք.մ., 8/11 հարկ$635,0003 սենյականոց բնակարան նորակառույց շենքում Դերենիկ Դեմիրճյանի փողոցում, 127 ք.մ., 2 սանհանգույցԿենտրոն, 3 սեն., 127 ք.մ., 7/14 հարկ$320,0003 սենյականոց բնակարան նորակառույց շենքում Արամի փողոցում, 73 ք.մ., բարձր առաստաղներ, 3/10 հարկԿենտրոն, 3 սեն., 73 ք.մ., 3/10 հարկ4 սենյականոց բնակարան նորակառույց շենքում Մոսկովյան փողոցում, 174 ք.մ., 3+ սանհանգույցԿենտրոն, 4 սեն., 174 ք.մ., 7/7 հարկԸնդարձակ 3 սենյականոց բնակարան նորակառույց շենքում Մոսկովյան փողոցում, 187 ք.մ., 2 սանհանգույցԿենտրոն, 3 սեն., 187 ք.մ., 4/14 հարկ$289,0003 սենյականոց բնակարան նորակառույց շենքում Մարշալ Բաղրամյան պողոտայում, 116 ք.մ., 2 սանհանգույցԿենտրոն, 3 սեն., 116 ք.մ., 12/14 հարկ1 սենյականոց բնակարան Նալբանդյան փողոցում, 35 ք.մ., բարձր առաստաղներ, կապիտալ վերանորոգվածԿենտրոն, 1 սեն., 35 ք.մ., 5/5 հարկ3 սենյականոց բնակարան Բայրոնի փողոցում, 70 ք.մ., 2 սանհանգույց, բարձր առաստաղներ, 2/4 հարկԿենտրոն, 3 սեն., 70 ք.մ., 2/4 հարկԸնդարձակ 5 սենյականոց բնակարան նորակառույց շենքում Եկմալյան փողոցում, 515 ք.մ., 3+ սանհանգույցԿենտրոն, 5 սեն., 515 ք.մ., 8/9 հարկ$200,0003 սենյականոց բնակարան նորակառույց շենքում Ալեք Մանուկյանի փողոցում, 99 ք.մ., 2 սանհանգույցԿենտրոն, 3 սեն., 99 ք.մ., 3/8 հարկ$295,0003 սենյականոց բնակարան Նալբանդյան փողոցում, 118 ք.մ., 2 սանհանգույց, բարձր առաստաղներԿենտրոն, 3 սեն., 118 ք.մ., 3/5 հարկ$350,000Ընդարձակ 2 սենյականոց բնակարան նորակառույց շենքում Պարոնյանի փողոցում, 104 ք.մ., 2 սանհանգույցԿենտրոն, 2 սեն., 104 ք.մ., 5/7 հարկ92,000,000 ֏2 սենյականոց բնակարան Տերյան փողոցում, 45 ք.մ., բարձր առաստաղներ, մի քանի պատշգամբ, 2/5 հարկԿենտրոն, 2 սեն., 45 ք.մ., 2/5 հարկ$2,900,0004 սենյականոց բնակարան նորակառույց շենքում Ռուսաստանում, 160 ք.մ., 3+ սանհանգույց, բարձր առաստաղներՌուսաստան, 4 սեն., 160 ք.մ., 8/9 հարկ$178,0003 սենյականոց բնակարան նորակառույց շենքում Արգիշտի փողոցում, 120 ք.մ., բարձր առաստաղներԿենտրոն, 3 սեն., 120 ք.մ., 11/14 հարկ   123   Հաջորդը >",ՏարածաշրջանԱմբողջըԱմբողջըԵրևանԱջափնյակԱրաբկիրԱվանԴավիթաշենԷրեբունիՔանաքեռ ԶեյթունԿենտրոնՄալաթիա ՍեբաստիաՆոր ՆորքՇենգավիթՆորք ՄարաշՆուբարաշենԱրմավիրԱրմավիրԷջմիածինԱրգավանդՓարաքարԱրտամետԱրարատԱրտաշատԱրգավանդՄխչյանՆոր ԿյուրինԳոռավանՍուրենավանԿոտայքԱբովյանԱկունքԱրամուսԱռինջԱրզականԲջնիՉարենցավանՁորաղբյուրԳառնիՋրվեժՔանաքեռավանՔասախՆոր ՀաճընՊռոշյանՊտղնիԾաղկաձորԵղվարդԶովունիԱրտավազՀանքավանՇիրակԳյումրիԼոռիՍտեփանավանՓամբակԳեղարքունիքՄարտունիՍևանԱրագածոտնԱգարակԱշտարակԲյուրականԿարբիՕհանավանՓարպիԱրտաշավանՄուղնիՏավուշԴիլիջանԻջևանՎայոց ՁորԵղեգնաձորՀայաստանից դուրսՌուսաստանԱյլ երկրներ
1,,"$158,000",Գին
2,ԱմբողջըԵրևանԱջափնյակԱրաբկիրԱվանԴավիթաշենԷրեբունիՔանաքեռ ԶեյթունԿենտրոնՄալաթիա ՍեբաստիաՆոր ՆորքՇենգավիթՆորք ՄարաշՆուբարաշենԱրմավիրԱրմավիրԷջմիածինԱրգավանդՓարաքարԱրտամետԱրարատԱրտաշատԱրգավանդՄխչյանՆոր ԿյուրինԳոռավանՍուրենավանԿոտայքԱբովյանԱկունքԱրամուսԱռինջԱրզականԲջնիՉարենցավանՁորաղբյուրԳառնիՋրվեժՔանաքեռավանՔասախՆոր ՀաճընՊռոշյանՊտղնիԾաղկաձորԵղվարդԶովունիԱրտավազՀանքավանՇիրակԳյումրիԼոռիՍտեփանավանՓամբակԳեղարքունիքՄարտունիՍևանԱրագածոտնԱգարակԱշտարակԲյուրականԿարբիՕհանավանՓարպիԱրտաշավանՄուղնիՏավուշԴիլիջանԻջևանՎայոց ՁորԵղեգնաձորՀայաստանից դուրսՌուսաստանԱյլ երկրներ,"$439,000",ՏարադրամԱմբողջըԱմբողջը֏ (AMD)$ (USD)
3,Ամբողջը֏ (AMD)$ (USD),"550,000,000 ֏",Շինության տիպԱմբողջըԱմբողջըՔարեՊանելայինՄոնոլիտԱղյուսեԿասետայինՓայտե
4,ԱմբողջըՔարեՊանելայինՄոնոլիտԱղյուսեԿասետայինՓայտե,"$340,000",ՆորակառույցԱմբողջըԱմբողջըՈչԱյո
5,ԱմբողջըՈչԱյո,"$400,000",ՎերելակԱմբողջըԱմբողջըԱռկա էԱռկա չէ
6,ԱմբողջըԱռկա էԱռկա չէ,"$110,000",Ընդհանուր մակերես
7,Ամբողջը12345678+,"$150,000",Սենյակների քանակԱմբողջըԱմբողջը12345678+
8,Ամբողջը123+,"$355,000",Սանհանգույցների քանակԱմբողջըԱմբողջը123+
9,1234567891011121314151617181920212223242526272829303132+,"$225,000",Հարկսկսած1234567891011121314151617181920212223242526272829303132+մինչև1234567891011121314151617181920212223242526272829303132+
10,1234567891011121314151617181920212223242526272829303132+,"$1,500,000",ԿահույքԱմբողջըԱմբողջըԱռկա էԱռկա չէՄասնակի կահույքՀամաձայնությամբ
11,ԱմբողջըԱռկա էԱռկա չէՄասնակի կահույքՀամաձայնությամբ,"$185,000",ՎերանորոգումԱմբողջըԱմբողջըՉվերանորոգվածՀին վերանորոգումՄասնակի վերանորոգումԿոսմետիկ վերանորոգումԵվրովերանորոգվածԴիզայներական ոճով վերանորոգվածԿապիտալ վերանորոգված
12,ԱմբողջըՉվերանորոգվածՀին վերանորոգումՄասնակի վերանորոգումԿոսմետիկ վերանորոգումԵվրովերանորոգվածԴիզայներական ոճով վերանորոգվածԿապիտալ վերանորոգված,"$350,000","Կենտրոն, 3 սեն., 78 ք.մ., 3/5 հարկ"
13,"3 սենյականոց բնակարան Կիևյան փողոցում, 78 ք.մ., բարձր առաստաղներ, 3/5 հարկ, կապիտալ վերանորոգված","$295,000","Արաբկիր, 5 սեն., 165 ք.մ., 11/17 հարկ"
14,"5 սենյականոց բնակարան նորակառույց շենքում Մարշալ Բաղրամյան պողոտայում, 165 ք.մ., 3+ սանհանգույց","$235,000","Կենտրոն, 5 սեն., 195 ք.մ., 4/12 հարկ"
15,"5 սենյականոց բնակարան նորակառույց շենքում Տերյան փողոցում, 195 ք.մ., 2 սանհանգույց, բարձր առաստաղներ","$500,000","Կենտրոն, 4 սեն., 136 ք.մ., 7/8 հարկ"
16,"4 սենյականոց բնակարան Դերենիկ Դեմիրճյանի փողոցում, 136 ք.մ., 2 սանհանգույց, նախավերջին հարկ","$315,000","Կենտրոն, 3 սեն., 150 ք.մ., 3/5 հարկ"
17,"3 սենյականոց բնակարան նորակառույց շենքում Վերին Անտառային փողոցում, 150 ք.մ., 2 սանհանգույց","$385,000","Արաբկիր, 3 սեն., 67 ք.մ., 9/9 հարկ"
18,"3 սենյականոց բնակարան Ազատության պողոտայում, 67 ք.մ., 2 սանհանգույց, բարձր առաստաղներ","$565,000","Արաբկիր, 3 սեն., 198 ք.մ., 9/9 հարկ"
19,"Ընդարձակ 3 սենյականոց բնակարան Վիկտոր Համբարձումյան փողոցում, 198 ք.մ., մի քանի պատշգամբ","$57,000","Արաբկիր, 4 սեն., 146 ք.մ., 2/5 հարկ"
20,"4 սենյականոց բնակարան Օրբելի եղբայրների փողոցում, 146 ք.մ., 2 սանհանգույց, 2/5 հարկ","$95,000","Կենտրոն, 4 սեն., 148 ք.մ., 4/4 հարկ"
21,"4 սենյականոց բնակարան Վարդանանց փողոցում, 148 ք.մ., 2 սանհանգույց, բարձր առաստաղներ, քարե շենք","$100,000","Կենտրոն, 6 սեն., 336 ք.մ., 5/14 հարկ"
22,"Ընդարձակ 6 սենյականոց բնակարան նորակառույց շենքում Արամի փողոցում, 336 ք.մ., 3+ սանհանգույց","$140,000","Արաբկիր, 3 սեն., 74 ք.մ., 2/10 հարկ"
23,"3 սենյականոց բնակարան նորակառույց շենքում Օրբելի եղբայրների փողոցում, 74 ք.մ., 2 սանհանգույց","$185,000","Կենտրոն, 4 սեն., 85 ք.մ., 4/4 հարկ"
24,"4 սենյականոց բնակարան Մեսրոպ Մաշտոցի պողոտայում, 85 ք.մ., 2 սանհանգույց, բարձր առաստաղներ","$250,000","Կենտրոն, 4 սեն., 80 ք.մ., 4/4 հարկ"
25,"4 սենյականոց բնակարան Մեսրոպ Մաշտոցի պողոտայում, 80 ք.մ., բարձր առաստաղներ, մի քանի պատշգամբ","$330,000","Կենտրոն, 5 սեն., 231 ք.մ., 13/16 հարկ"
26,"5 սենյականոց բնակարան նորակառույց շենքում Լեոյի փողոցում, 231 ք.մ., 3+ սանհանգույց, բարձր առաստաղներ","$260,000","Քանաքեռ Զեյթուն, 4 սեն., 103 ք.մ., 9/11 հարկ"
27,"4 սենյականոց բնակարան նորակառույց շենքում Նիկողայոս Ադոնց փողոցում, 103 ք.մ., 2 սանհանգույց","$550,000","Արաբկիր, 2 սեն., 93 ք.մ., 5/6 հարկ"
28,"2 սենյականոց բնակարան նորակառույց շենքում Վերին Անտառային փողոցում, 93 ք.մ., 2 սանհանգույց","$350,000","Կենտրոն, 8 սեն., 350 ք.մ., 4/5 հարկ"
29,"8 սենյականոց բնակարան նորակառույց շենքում Վերին Անտառային փողոցում, 350 ք.մ., 3+ սանհանգույց","$340,000","Կենտրոն, 3 սեն., 120 ք.մ., 10/13 հարկ"
30,"3 սենյականոց բնակարան նորակառույց շենքում Պարոնյան փողոցում, 120 ք.մ., բարձր առաստաղներ, 10/13 հարկ","$315,000","Կենտրոն, 4 սեն., 127 ք.մ., 6/14 հարկ"
31,"4 սենյականոց բնակարան նորակառույց շենքում Մարշալ Բաղրամյան պողոտայում, 127 ք.մ., 2 սանհանգույց","$480,000","Արաբկիր, 8 սեն., 376 ք.մ., 17/17 հարկ"
32,"8 սենյականոց բնակարան նորակառույց շենքում Արաբկիրում, 376 ք.մ., 3+ սանհանգույց, բարձր առաստաղներ","$550,000","Շենգավիթ, 2 սեն., 49 ք.մ., 2/2 հարկ"
33,"2 սենյականոց բնակարան Շարուրի փողոցում, 49 ք.մ., 2/2 հարկ, կապիտալ վերանորոգված, քարե շենք","$190,000","Կենտրոն, 2 սեն., 107 ք.մ., 6/18 հարկ"
34,"Ընդարձակ 2 սենյականոց բնակարան նորակառույց շենքում Եկմալյան փողոցում, 107 ք.մ., բարձր առաստաղներ","$200,000","Նոր Նորք, 3 սեն., 77 ք.մ., 4/9 հարկ"
35,"3 սենյականոց բնակարան Գյուլիքեխվյան փողոցում, 77 ք.մ., 4/9 հարկ, մասնակի վերանորոգում","$255,000","Արաբկիր, 2 սեն., 61 ք.մ., 4/4 հարկ"
36,"2 սենյականոց բնակարան Մարշալ Բաղրամյան պողոտայում, 61 ք.մ., բարձր առաստաղներ, քարե շենք","$255,000","Կենտրոն, 5 սեն., 260 ք.մ., 5/7 հարկ"
37,"Ընդարձակ 5 սենյականոց բնակարան նորակառույց շենքում Թումանյան փողոցում, 260 ք.մ., 3+ սանհանգույց","$359,000","Նորք Մարաշ, 2 սեն., 69 ք.մ., 5/17 հարկ"
38,"2 սենյականոց բնակարան նորակառույց շենքում Մյասնիկյանի պողոտայում, 69 ք.մ., բարձր առաստաղներ","$550,000","Շենգավիթ, 6 սեն., 117 ք.մ., 8/8 հարկ"
39,"6 սենյականոց բնակարան Բագրատունյաց պողոտայում, 117 ք.մ., 2 սանհանգույց, մի քանի պատշգամբ","$750,000","Կենտրոն, 3 սեն., 140 ք.մ., 8/9 հարկ"
40,"3 սենյականոց բնակարան Պուշկինի փողոցում, 140 ք.մ., բարձր առաստաղներ, նախավերջին հարկ","$295,000","Կենտրոն, 4 սեն., 179 ք.մ., 2/6 հարկ"
41,"4 սենյականոց բնակարան նորակառույց շենքում Այգեձորի փողոցում, 179 ք.մ., 2 սանհանգույց","$210,000","Կենտրոն, 4 սեն., 400 ք.մ., 17/17 հարկ"
42,"Ընդարձակ 4 սենյականոց բնակարան նորակառույց շենքում Արամի փողոցում, 400 ք.մ., 3+ սանհանգույց","$525,000","Կենտրոն, 3 սեն., 80 ք.մ., 4/5 հարկ"
43,"3 սենյականոց բնակարան Ամիրյան փողոցում, 80 ք.մ., 2 սանհանգույց, բարձր առաստաղներ, նախավերջին հարկ","$120,000","Արաբկիր, 3 սեն., 140 ք.մ., 12/12 հարկ"
44,"3 սենյականոց բնակարան նորակառույց շենքում Ռիգայի փողոցում, 140 ք.մ., 2 սանհանգույց, բարձր առաստաղներ","$500,000","Կենտրոն, 3 սեն., 92 ք.մ., 1/4 հարկ"
45,"3 սենյականոց բնակարան Մոսկովյան փողոցում, 92 ք.մ., բարձր առաստաղներ, 1/4 հարկ, կապիտալ վերանորոգված","$535,000","Կենտրոն, 5 սեն., 190 ք.մ., 5/5 հարկ"
46,"5 սենյականոց բնակարան նորակառույց շենքում Աբովյան փողոցում, 190 ք.մ., 2 սանհանգույց","$230,000","Կենտրոն, 3 սեն., 77 ք.մ., 7/10 հարկ"
47,"3 սենյականոց բնակարան նորակառույց շենքում Եկմալյան փողոցում, 77 ք.մ., բարձր առաստաղներ, 7/10 հարկ","$75,000","Կենտրոն, 4 սեն., 160 ք.մ., 4/4 հարկ"
48,"4 սենյականոց բնակարան Պուշկինի փողոցում, 160 ք.մ., 2 սանհանգույց, բարձր առաստաղներ, մի քանի պատշգամբ","53,000,000 ֏","Կենտրոն, 3 սեն., 114 ք.մ., 8/14 հարկ"
49,"3 սենյականոց բնակարան նորակառույց շենքում Սասնա Ծռերի փողոցում, 114 ք.մ., բարձր առաստաղներ","$210,000","Կենտրոն, 6 սեն., 230 ք.մ., 5/6 հարկ"
50,"6 սենյականոց բնակարան Հանրապետության փողոցում, 230 ք.մ., 3+ սանհանգույց, բարձր առաստաղներ","68,000,000 ֏","Կենտրոն, 4 սեն., 265 ք.մ., 9/10 հարկ"
51,"Ընդարձակ 4 սենյականոց բնակարան նորակառույց շենքում Բելյակովի փողոցում, 265 ք.մ., 2 սանհանգույց","$238,000","Կենտրոն, 2 սեն., 78 ք.մ., 3/14 հարկ"
52,"2 սենյականոց բնակարան նորակառույց շենքում Պարոնյան փողոցում, 78 ք.մ., բարձր առաստաղներ, 3/14 հարկ","$195,000","Արաբկիր, 2 սեն., 80 ք.մ., 12/17 հարկ"
53,"2 սենյականոց բնակարան նորակառույց շենքում Նաիրի Զարյան փողոցում, 80 ք.մ., բարձր առաստաղներ","$510,000","Կենտրոն, 3 սեն., 69 ք.մ., 2/8 հարկ"
54,"3 սենյականոց բնակարան նորակառույց շենքում Փավստոս Բուզանդի փողոցում, 69 ք.մ., 2 սանհանգույց","$300,000","Կենտրոն, 3 սեն., 68 ք.մ., 2/8 հարկ"
55,"3 սենյականոց բնակարան նորակառույց շենքում Փավստոս Բուզանդի փողոցում, 68 ք.մ., 2 սանհանգույց","$160,000","Կենտրոն, 3 սեն., 150 ք.մ., 6/7 հարկ"
56,"3 սենյականոց բնակարան նորակառույց շենքում Տերյան փողոցում, 150 ք.մ., բարձր առաստաղներ","$182,000","Կենտրոն, 4 սեն., 154 ք.մ., 7/10 հարկ"
57,"4 սենյականոց բնակարան նորակառույց շենքում Տերյան փողոցում, 154 ք.մ., 2 սանհանգույց, բարձր առաստաղներ","$82,000","Կենտրոն, 4 սեն., 180 ք.մ., 5/9 հարկ"
58,"4 սենյականոց բնակարան նորակառույց շենքում Պուշկինի փողոցում, 180 ք.մ., 3+ սանհանգույց","$195,000","Քանաքեռ Զեյթուն, 5 սեն., 170 ք.մ., 18/19 հարկ"
59,"5 սենյականոց բնակարան նորակառույց շենքում Հրաչյա Ներսիսյան փողոցում, 170 ք.մ., 3+ սանհանգույց","$215,000","Կենտրոն, 4 սեն., 164 ք.մ., 9/14 հարկ"
60,"4 սենյականոց բնակարան նորակառույց շենքում Մեսրոպ Մաշտոցի պողոտայում, 164 ք.մ., 3+ սանհանգույց","$430,000","Արաբկիր, 3 սեն., 100 ք.մ., 4/18 հարկ"
61,"3 սենյականոց բնակարան նորակառույց շենքում Քեռու փողոցում, 100 ք.մ., 2 սանհանգույց, բարձր առաստաղներ","$750,000","Կենտրոն, 3 սեն., 95 ք.մ., 4/7 հարկ"
62,"3 սենյականոց բնակարան նորակառույց շենքում Մովսես Խորենացու փողոցում, 95 ք.մ., բարձր առաստաղներ","$750,000","Կենտրոն, 5 սեն., 209 ք.մ., 4/4 հարկ"
63,"5 սենյականոց բնակարան Հանրապետության փողոցում, 209 ք.մ., 3+ սանհանգույց, բարձր առաստաղներ","$390,000","Արաբկիր, 4 սեն., 82 ք.մ., 15/16 հարկ"
64,"4 սենյականոց բնակարան Ավետ Ավետիսյան փողոցում, 82 ք.մ., 2 սանհանգույց, նախավերջին հարկ","$400,000","Կենտրոն, 3 սեն., 109 ք.մ., 1/6 հարկ"
65,"3 սենյականոց բնակարան նորակառույց շենքում Վերին Անտառային փողոցում, 109 ք.մ., 2 սանհանգույց","$1,200,000","Կենտրոն, 3 սեն., 89 ք.մ., 2/4 հարկ"
66,"3 սենյականոց բնակարան Ադմիրալ Իսակովի պողոտայում, 89 ք.մ., 2 սանհանգույց, 2/4 հարկ, քարե շենք","$635,000","Կենտրոն, 3 սեն., 121 ք.մ., 6/9 հարկ"
67,"3 սենյականոց բնակարան նորակառույց շենքում Փավստոս Բուզանդի փողոցում, 121 ք.մ., 2 սանհանգույց","$320,000","Կենտրոն, 7 սեն., 356 ք.մ., 3/14 հարկ"
68,"Ընդարձակ 7 սենյականոց բնակարան նորակառույց շենքում Վարդանանց փողոցում, 356 ք.մ., 3+ սանհանգույց","$289,000","Կենտրոն, 1 սեն., 38 ք.մ., 10/15 հարկ"
69,"1 սենյականոց բնակարան նորակառույց շենքում Բյուզանդի փողոցում, 38 ք.մ., բարձր առաստաղներ, 10/15 հարկ","$200,000","Շենգավիթ, 3 սեն., 71 ք.մ., 1/2 հարկ"
70,"3 սենյականոց բնակարան Արշակունյաց պողոտայում, 71 ք.մ., 1/2 հարկ, կապիտալ վերանորոգված, քարե շենք","$295,000","Շենգավիթ, 3 սեն., 96 ք.մ., 5/5 հարկ"
71,"3 սենյականոց բնակարան Գարեգին Նժդեհի փողոցում, 96 ք.մ., 2 սանհանգույց, բարձր առաստաղներ, քարե շենք","$350,000","Կենտրոն, 3 սեն., 95 ք.մ., 4/6 հարկ"
72,"3 սենյականոց բնակարան նորակառույց շենքում Մովսես Խորենացու փողոցում, 95 ք.մ., բարձր առաստաղներ","92,000,000 ֏","Արաբկիր, 3 սեն., 67 ք.մ., 15/18 հարկ"
73,"3 սենյականոց բնակարան նորակառույց շենքում Նիկողայոս Ադոնց փողոցում, 67 ք.մ., բարձր առաստաղներ","$2,900,000","Արաբկիր, 2 սեն., 94 ք.մ., 1/6 հարկ"
74,"2 սենյականոց բնակարան նորակառույց շենքում Վերին Անտառային փողոցում, 94 ք.մ., 2 սանհանգույց","$178,000","Արաբկիր, 4 սեն., 91 ք.մ., 3/5 հարկ"
75,"4 սենյականոց բնակարան Կոմիտասի պողոտայում, 91 ք.մ., բարձր առաստաղներ, մի քանի պատշգամբ, 3/5 հարկ",no price,"Մալաթիա Սեբաստիա, 4 սեն., 158 ք.մ., 7/14 հարկ"
76,"4 սենյականոց բնակարան նորակառույց շենքում, Ծիծեռնակաբերդի խճուղի, 158 ք.մ., 2 սանհանգույց",no price,"Կենտրոն, 3 սեն., 90 ք.մ., 18/22 հարկ"
77,"3 սենյականոց բնակարան նորակառույց շենքում Վարդանանց փողոցում, 90 ք.մ., 2 սանհանգույց",no price,"Արաբկիր, 3 սեն., 72 ք.մ., 8/9 հարկ"
78,"3 սենյականոց բնակարան նորակառույց շենքում Նիկողայոս Ադոնցի փողոցում, 72 ք.մ., 2 սանհանգույց",no price,"Նորք Մարաշ, 4 սեն., 130 ք.մ., 14/17 հարկ"
79,"4 սենյականոց բնակարան նորակառույց շենքում Մյասնիկյանի պողոտայում, 130 ք.մ., 3+ սանհանգույց",no price,"Արաբկիր, 3 սեն., 117 ք.մ., 10/12 հարկ"
80,"3 սենյականոց բնակարան նորակառույց շենքում Ռիգայի փողոցում, 117 ք.մ., բարձր առաստաղներ, 10/12 հարկ",no price,"Արաբկիր, 2 սեն., 53 ք.մ., 7/9 հարկ"
81,"2 սենյականոց բնակարան Ազատության պողոտայում, 53 ք.մ., 2 սանհանգույց, 7/9 հարկ",no price,"Կենտրոն, 3 սեն., 118 ք.մ., 4/4 հարկ"
82,"3 սենյականոց բնակարան Հանրապետության փողոցում, 118 ք.մ., բարձր առաստաղներ, կոսմետիկ վերանորոգում",no price,"Կենտրոն, 2 սեն., 61 ք.մ., 9/10 հարկ"
83,"2 սենյականոց բնակարան Թումանյան փողոցում, 61 ք.մ., նախավերջին հարկ, կապիտալ վերանորոգված",no price,"Արաբկիր, 4 սեն., 107 ք.մ., 2/7 հարկ"
84,"4 սենյականոց բնակարան նորակառույց շենքում Հրաչյա Քոչար փողոցում, 107 ք.մ., 2 սանհանգույց",no price,"Այլ երկրներ, 3 սեն., 142 ք.մ., 15/24 հարկ"
85,"3 սենյականոց բնակարան նորակառույց շենքում, 142 ք.մ., 2 սանհանգույց, բարձր առաստաղներ",no price,"Կենտրոն, 3 սեն., 112 ք.մ., 2/3 հարկ"
86,"3 սենյականոց բնակարան նորակառույց շենքում Վերին Անտառային փողոցում, 112 ք.մ., 2 սանհանգույց",no price,"Կենտրոն, 4 սեն., 174 ք.մ., 10/17 հարկ"
87,"4 սենյականոց բնակարան նորակառույց շենքում Արամի փողոցում, 174 ք.մ., 3+ սանհանգույց, բարձր առաստաղներ",no price,"Կենտրոն, 5 սեն., 200 ք.մ., 5/10 հարկ"
88,"5 սենյականոց բնակարան նորակառույց շենքում Եկմալյան փողոցում, 200 ք.մ., 2 սանհանգույց",no price,"Կենտրոն, 4 սեն., 207 ք.մ., 2/6 հարկ"
89,"Ընդարձակ 4 սենյականոց բնակարան նորակառույց շենքում Վերին Անտառային փողոցում, 207 ք.մ.",no price,"Կենտրոն, 8 սեն., 350 ք.մ., 9/10 հարկ"
90,"8 սենյականոց բնակարան Սայաթ-Նովայի պողոտայում, 350 ք.մ., բարձր առաստաղներ, նախավերջին հարկ",no price,"Կենտրոն, 3 սեն., 87 ք.մ., 8/12 հարկ"
91,"3 սենյականոց բնակարան Լենինգրադյան փողոցում, 87 ք.մ., բարձր առաստաղներ, 8/12 հարկ",no price,"Կենտրոն, 8 սեն., 763 ք.մ., 14/14 հարկ"
92,"Ընդարձակ 8 սենյականոց բնակարան նորակառույց շենքում Արամի փողոցում, 763 ք.մ., 3+ սանհանգույց",no price,"Կենտրոն, 7 սեն., 350 ք.մ., 4/5 հարկ"
93,"7 սենյականոց բնակարան Պուշկինի փողոցում, 350 ք.մ., 2 սանհանգույց, նախավերջին հարկ",no price,"Կենտրոն, 7 սեն., 270 ք.մ., 8/11 հարկ"
94,"7 սենյականոց բնակարան նորակառույց շենքում Հյուսիսային պողոտայում, 270 ք.մ., 3+ սանհանգույց",no price,"Կենտրոն, 3 սեն., 127 ք.մ., 7/14 հարկ"
95,"3 սենյականոց բնակարան նորակառույց շենքում Դերենիկ Դեմիրճյանի փողոցում, 127 ք.մ., 2 սանհանգույց",no price,"Կենտրոն, 3 սեն., 73 ք.մ., 3/10 հարկ"
96,"3 սենյականոց բնակարան նորակառույց շենքում Արամի փողոցում, 73 ք.մ., բարձր առաստաղներ, 3/10 հարկ",no price,"Կենտրոն, 4 սեն., 174 ք.մ., 7/7 հարկ"
97,"4 սենյականոց բնակարան նորակառույց շենքում Մոսկովյան փողոցում, 174 ք.մ., 3+ սանհանգույց",no price,"Կենտրոն, 3 սեն., 187 ք.մ., 4/14 հարկ"
98,"Ընդարձակ 3 սենյականոց բնակարան նորակառույց շենքում Մոսկովյան փողոցում, 187 ք.մ., 2 սանհանգույց",no price,"Կենտրոն, 3 սեն., 116 ք.մ., 12/14 հարկ"
99,"3 սենյականոց բնակարան նորակառույց շենքում Մարշալ Բաղրամյան պողոտայում, 116 ք.մ., 2 սանհանգույց",no price,"Կենտրոն, 1 սեն., 35 ք.մ., 5/5 հարկ"
100,"1 սենյականոց բնակարան Նալբանդյան փողոցում, 35 ք.մ., բարձր առաստաղներ, կապիտալ վերանորոգված",no price,"Կենտրոն, 3 սեն., 70 ք.մ., 2/4 հարկ"
101,"3 սենյականոց բնակարան Բայրոնի փողոցում, 70 ք.մ., 2 սանհանգույց, բարձր առաստաղներ, 2/4 հարկ",no price,"Կենտրոն, 5 սեն., 515 ք.մ., 8/9 հարկ"
102,"Ընդարձակ 5 սենյականոց բնակարան նորակառույց շենքում Եկմալյան փողոցում, 515 ք.մ., 3+ սանհանգույց",no price,"Կենտրոն, 3 սեն., 99 ք.մ., 3/8 հարկ"
103,"3 սենյականոց բնակարան նորակառույց շենքում Ալեք Մանուկյանի փողոցում, 99 ք.մ., 2 սանհանգույց",no price,"Կենտրոն, 3 սեն., 118 ք.մ., 3/5 հարկ"
104,"3 սենյականոց բնակարան Նալբանդյան փողոցում, 118 ք.մ., 2 սանհանգույց, բարձր առաստաղներ",no price,"Կենտրոն, 2 սեն., 104 ք.մ., 5/7 հարկ"
105,"Ընդարձակ 2 սենյականոց բնակարան նորակառույց շենքում Պարոնյանի փողոցում, 104 ք.մ., 2 սանհանգույց",no price,"Կենտրոն, 2 սեն., 45 ք.մ., 2/5 հարկ"
106,"2 սենյականոց բնակարան Տերյան փողոցում, 45 ք.մ., բարձր առաստաղներ, մի քանի պատշգամբ, 2/5 հարկ",no price,"Ռուսաստան, 4 սեն., 160 ք.մ., 8/9 հարկ"
107,"4 սենյականոց բնակարան նորակառույց շենքում Ռուսաստանում, 160 ք.մ., 3+ սանհանգույց, բարձր առաստաղներ",no price,"Կենտրոն, 3 սեն., 120 ք.մ., 11/14 հարկ"
108,"3 սենյականոց բնակարան նորակառույց շենքում Արգիշտի փողոցում, 120 ք.մ., բարձր առաստաղներ",no price,no disc
109,© 2005-2023 List.am,no price,no disc
110,"Asatryan Consulting1,031 հայտարարություն126 հետևորդ13 կարծիքԹողնել մեկնաբանություն{""@context"":""https://schema.org/"",""@type"":""AggregateRating"",""ratingValue"":4.7,""ratingCount"":13,""bestRating"":5,""itemReviewed"":{""@type"":""LocalBusiness"",""name"":""Asatryan Consulting"",""image"":""https://upa.list.am/9772.jpg""}}","Ֆիլտրներ$119,0003 սենյականոց բնակարան Գայի պողոտայում, 78 ք.մ., 7/9 հարկ, կապիտալ վերանորոգվածՆոր Նորք, 3 սեն., 78 ք.մ., 7/9 հարկ$500,0006 սենյականոց բնակարան Մեսրոպ Մաշտոցի պողոտայում, 200 ք.մ., 3+ սանհանգույց, բարձր առաստաղներԿենտրոն, 6 սեն., 200 ք.մ., 4/5 հարկ$395,0004 սենյականոց բնակարան նորակառույց շենքում Վերին Անտառային փողոցում, 149 ք.մ., 2 սանհանգույցԿենտրոն, 4 սեն., 149 ք.մ., 3/6 հարկ4 սենյականոց բնակարան նորակառույց շենքում Դերենիկ Դեմիրճյանի փողոցում, 130 ք.մ., 2 սանհանգույցԿենտրոն, 4 սեն., 130 ք.մ., 3/5 հարկ$96,0001 սենյականոց բնակարան նորակառույց շենքում Վահրամ Փափազյան փողոցում, 30 ք.մ., կապիտալ վերանորոգվածԱրաբկիր, 1 սեն., 30 ք.մ., 13/13 հարկ$585,0005 սենյականոց բնակարան նորակառույց շենքում Վահրամ Փափազյան փողոցում, 210 ք.մ., 3+ սանհանգույցԱրաբկիր, 5 սեն., 210 ք.մ., 12/12 հարկ$95,0002 սենյականոց բնակարան Արաբկիրում, 56 ք.մ., քարե շենքԱրաբկիր, 2 սեն., 56 ք.մ., 5/5 հարկ$129,0003 սենյականոց բնակարան, Թբիլիսյան խճուղի, 68 ք.մ., նախավերջին հարկ, կոսմետիկ վերանորոգում, քարե շենքԱրաբկիր, 3 սեն., 68 ք.մ., 5/6 հարկ$95,0003 սենյականոց բնակարան, Դավթաշեն 2-րդ թաղամաս, 79 ք.մ., 3/14 հարկԴավիթաշեն, 3 սեն., 79 ք.մ., 3/14 հարկ$217,0004 սենյականոց բնակարան նորակառույց շենքում Անաստաս Միկոյանի փողոցում, 110 ք.մ., 2 սանհանգույցԴավիթաշեն, 4 սեն., 110 ք.մ., 8/12 հարկ$235,0003 սենյականոց բնակարան նորակառույց շենքում Վերին Անտառային փողոցում, 130 ք.մ., 3+ սանհանգույցԿենտրոն, 3 սեն., 130 ք.մ., 1/6 հարկ4 սենյականոց բնակարան նորակառույց շենքում Նորք Մարաշում, 122 ք.մ., 3+ սանհանգույց, բարձր առաստաղներՆորք Մարաշ, 4 սեն., 122 ք.մ., 2/17 հարկ$460,0004 սենյականոց բնակարան նորակառույց շենքում Օրբելի եղբայրների փողոցում, 170 ք.մ., 2 սանհանգույցԱրաբկիր, 4 սեն., 170 ք.մ., 10/15 հարկ4 սենյականոց բնակարան նորակառույց շենքում Մյասնիկյանի պողոտայում, 116 ք.մ., 2 սանհանգույցՆորք Մարաշ, 4 սեն., 116 ք.մ., 7/17 հարկ$175,0003 սենյականոց բնակարան Ամիրյան փողոցում, 65 ք.մ., 11/16 հարկ, կապիտալ վերանորոգվածԿենտրոն, 3 սեն., 65 ք.մ., 11/16 հարկ4 սենյականոց բնակարան նորակառույց շենքում, Այգեձորի 1-ին նրբանցք, 180 ք.մ., 3+ սանհանգույցԿենտրոն, 4 սեն., 180 ք.մ., 2/7 հարկԸնդարձակ 4 սենյականոց բնակարան նորակառույց շենքում Այգեձորի փողոցում, 218 ք.մ., 3+ սանհանգույցԿենտրոն, 4 սեն., 218 ք.մ., 1/6 հարկ$179,0003 սենյականոց բնակարան Տիգրան Մեծի պողոտայում, 93 ք.մ., 2/14 հարկ, կապիտալ վերանորոգվածԿենտրոն, 3 սեն., 93 ք.մ., 2/14 հարկ$359,0004 սենյականոց բնակարան նորակառույց շենքում Նիկողայոս Ադոնցի փողոցում, 123 ք.մ., 2 սանհանգույցԱրաբկիր, 4 սեն., 123 ք.մ., 6/8 հարկ$345,0002 սենյականոց բնակարան նորակառույց շենքում Փավստոս Բուզանդի փողոցում, 54 ք.մ., բարձր առաստաղներԿենտրոն, 2 սեն., 54 ք.մ., 7/15 հարկ6 սենյականոց բնակարան նորակառույց շենքում Չարենցի փողոցում, 244 ք.մ., 3+ սանհանգույցԿենտրոն, 6 սեն., 244 ք.մ., 11/13 հարկ$195,0003 սենյականոց բնակարան Պուշկինի փողոցում, 63 ք.մ., 7/10 հարկ, դիզայներական ոճով վերանորոգվածԿենտրոն, 3 սեն., 63 ք.մ., 7/10 հարկ$99,0003 սենյականոց բնակարան Մայիսի 9-ի փողոցում, 73 ք.մ., բարձր առաստաղներ, 1/4 հարկՇենգավիթ, 3 սեն., 73 ք.մ., 1/4 հարկ$150,0003 սենյականոց բնակարան նորակառույց շենքում Մուրացանի փողոցում, 80 ք.մ., բարձր առաստաղներԷրեբունի, 3 սեն., 80 ք.մ., 3/4 հարկ$183,0004 սենյականոց բնակարան Եղբայրության փողոցում, 120 ք.մ., նախավերջին հարկ, կապիտալ վերանորոգվածՇենգավիթ, 4 սեն., 120 ք.մ., 3/4 հարկ$380,0005 սենյականոց բնակարան նորակառույց շենքում Խորենացու փողոցում, 200 ք.մ., 3+ սանհանգույցԿենտրոն, 5 սեն., 200 ք.մ., 4/8 հարկ$410,0004 սենյականոց բնակարան նորակառույց շենքում Սասնա Ծռերի փողոցում, 150 ք.մ., 2 սանհանգույցԴավիթաշեն, 4 սեն., 150 ք.մ., 2/18 հարկ$125,0003 սենյականոց բնակարան Տիգրան Պետրոսյանի փողոցում, 79 ք.մ., 7/9 հարկ, կոսմետիկ վերանորոգումԴավիթաշեն, 3 սեն., 79 ք.մ., 7/9 հարկԸնդարձակ 4 սենյականոց բնակարան նորակառույց շենքում Հյուսիսային պողոտայում, 621 ք.մ., 3+ սանհանգույցԿենտրոն, 4 սեն., 621 ք.մ., 9/9 հարկ$230,0003 սենյականոց բնակարան Թումանյան փողոցում, 65 ք.մ., 5/10 հարկ, կապիտալ վերանորոգվածԿենտրոն, 3 սեն., 65 ք.մ., 5/10 հարկ$191,0003 սենյականոց բնակարան Դերենիկ Դեմիրճյանի փողոցում, 65 ք.մ., բարձր առաստաղներ, մի քանի պատշգամբԿենտրոն, 3 սեն., 65 ք.մ., 5/5 հարկ$1,380,000Ընդարձակ 4 սենյականոց բնակարան նորակառույց շենքում Պուշկինի փողոցում, 275 ք.մ., 2 սանհանգույցԿենտրոն, 4 սեն., 275 ք.մ., 3/7 հարկ$205,0004 սենյականոց բնակարան նորակառույց շենքում Անաստաս Միկոյանի փողոցում, 155 ք.մ., 2 սանհանգույցԴավիթաշեն, 4 սեն., 155 ք.մ., 10/12 հարկ$185,0003 սենյականոց բնակարան Վարդանանց փողոցում, 70 ք.մ., դիզայներական ոճով վերանորոգվածԿենտրոն, 3 սեն., 70 ք.մ., 10/10 հարկԸնդարձակ 8 սենյականոց բնակարան Տերյան փողոցում, 472 ք.մ., 3+ սանհանգույց, բարձր առաստաղներԿենտրոն, 8 սեն., 472 ք.մ., 4/5 հարկ$230,0005 սենյականոց բնակարան նորակառույց շենքում Տերյան փողոցում, 72 ք.մ., 3+ սանհանգույց, բարձր առաստաղներԿենտրոն, 5 սեն., 72 ք.մ., 5/8 հարկ$195,0003 սենյականոց բնակարան Զաքյան փողոցում, 78 ք.մ., բարձր առաստաղներ, 3/5 հարկ, կապիտալ վերանորոգվածԿենտրոն, 3 սեն., 78 ք.մ., 3/5 հարկ$410,000Ընդարձակ 4 սենյականոց բնակարան նորակառույց շենքում Նաիրի Զարյան փողոցում, 220 ք.մ., 2 սանհանգույցԱրաբկիր, 4 սեն., 220 ք.մ., 13/16 հարկ$230,0003 սենյականոց բնակարան նորակառույց շենքում Չարենցի փողոցում, 120 ք.մ., 2 սանհանգույցԿենտրոն, 3 սեն., 120 ք.մ., 6/12 հարկ$260,0005 սենյականոց բնակարան Եզնիկ Կողբացու փողոցում, 200 ք.մ., 3+ սանհանգույց, բարձր առաստաղներԿենտրոն, 5 սեն., 200 ք.մ., 4/5 հարկ$142,0003 սենյականոց բնակարան Ազատության պողոտայում, 90 ք.մ., բարձր առաստաղներ, 1/4 հարկԱրաբկիր, 3 սեն., 90 ք.մ., 1/4 հարկ$800,0004 սենյականոց բնակարան նորակառույց շենքում Մարշալ Բաղրամյան պողոտայում, 156 ք.մ., 3+ սանհանգույցԿենտրոն, 4 սեն., 156 ք.մ., 9/14 հարկ$220,0003 սենյականոց բնակարան նորակառույց շենքում, Ծիծեռնակաբերդի խճուղի, 105 ք.մ., 2 սանհանգույցԿենտրոն, 3 սեն., 105 ք.մ., 3/22 հարկ$165,0003 սենյականոց բնակարան Սայաթ-Նովայի պողոտայում, 77 ք.մ., բարձր առաստաղներ, 1/12 հարկԿենտրոն, 3 սեն., 77 ք.մ., 1/12 հարկ$420,0008 սենյականոց բնակարան Եզնիկ Կողբացու փողոցում, 320 ք.մ., 3+ սանհանգույց, բարձր առաստաղներԿենտրոն, 8 սեն., 320 ք.մ., 4/5 հարկ4 սենյականոց բնակարան Ռուսաստանում, 145 ք.մ., 3+ սանհանգույց, բարձր առաստաղներ, մի քանի պատշգամբՌուսաստան, 4 սեն., 145 ք.մ., 6/9 հարկ3 սենյականոց բնակարան նորակառույց շենքում Նիկողայոս Ադոնցի փողոցում, 86 ք.մ., 2 սանհանգույցԱրաբկիր, 3 սեն., 86 ք.մ., 7/8 հարկ$850,000Ընդարձակ 8 սենյականոց բնակարան նորակառույց շենքում Մյասնիկյանի պողոտայում, 650 ք.մ., 3+ սանհանգույցԿենտրոն, 8 սեն., 650 ք.մ., 2/2 հարկ$244,0003 սենյականոց բնակարան Ավետիք Իսահակյան փողոցում, 86 ք.մ., բարձր առաստաղներ, 3/5 հարկԿենտրոն, 3 սեն., 86 ք.մ., 3/5 հարկ$224,0002 սենյականոց բնակարան նորակառույց շենքում Տերյան փողոցում, 70 ք.մ., բարձր առաստաղներԿենտրոն, 2 սեն., 70 ք.մ., 4/8 հարկ$350,0004 սենյականոց բնակարան նորակառույց շենքում Ձորափի փողոցում, 176 ք.մ., 3+ սանհանգույցԿենտրոն, 4 սեն., 176 ք.մ., 3/14 հարկ3 սենյականոց բնակարան նորակառույց շենքում Մյասնիկյանի պողոտայում, 110 ք.մ., 2 սանհանգույցՆորք Մարաշ, 3 սեն., 110 ք.մ., 16/17 հարկ3 սենյականոց բնակարան նորակառույց շենքում Մյասնիկյանի պողոտայում, 112 ք.մ., 2 սանհանգույցՆորք Մարաշ, 3 սեն., 112 ք.մ., 14/17 հարկ75,000,000 ֏3 սենյականոց բնակարան նորակառույց շենքում Սայաթ-Նովայի պողոտայում, 100 ք.մ., բարձր առաստաղներԿենտրոն, 3 սեն., 100 ք.մ., 5/5 հարկ3 սենյականոց բնակարան Գրիգոր Լուսավորչի փողոցում, 100 ք.մ., բարձր առաստաղներ, կոսմետիկ վերանորոգումԿենտրոն, 3 սեն., 100 ք.մ., 5/5 հարկ$255,0003 սենյականոց բնակարան նորակառույց շենքում Եզնիկ Կողբացու փողոցում, 100 ք.մ., 2 սանհանգույցԿենտրոն, 3 սեն., 100 ք.մ., 9/11 հարկ3 սենյականոց բնակարան նորակառույց շենքում Գևորգ Հովսեփյանի փողոցում, 89 ք.մ., 2 սանհանգույցՆորք Մարաշ, 3 սեն., 89 ք.մ., 4/5 հարկ$375,0003 սենյականոց բնակարան Աբովյան փողոցում, 110 ք.մ., բարձր առաստաղներ, մի քանի պատշգամբ, 3/5 հարկԿենտրոն, 3 սեն., 110 ք.մ., 3/5 հարկ2 սենյականոց բնակարան նորակառույց շենքում Մյասնիկյանի պողոտայում, 89 ք.մ., 2 սանհանգույցՆորք Մարաշ, 2 սեն., 89 ք.մ., 14/17 հարկ3 սենյականոց բնակարան նորակառույց շենքում Մյասնիկյանի պողոտայում, 110 ք.մ., բարձր առաստաղներՆորք Մարաշ, 3 սեն., 110 ք.մ., 16/17 հարկ145,000,000 ֏5 սենյականոց բնակարան նորակառույց շենքում Սասնա Ծռերի փողոցում, 158 ք.մ., 2 սանհանգույցԴավիթաշեն, 5 սեն., 158 ք.մ., 10/19 հարկ$850,000Ընդարձակ 4 սենյականոց բնակարան նորակառույց շենքում Բյուզանդի փողոցում, 201 ք.մ., 2 սանհանգույցԿենտրոն, 4 սեն., 201 ք.մ., 2/16 հարկ$179,0003 սենյականոց բնակարան Ադմիրալ Իսակովի պողոտայում, 94 ք.մ., 2 սանհանգույց, 5/9 հարկԿենտրոն, 3 սեն., 94 ք.մ., 5/9 հարկ1 սենյականոց բնակարան Գուլակյան փողոցում, 46 ք.մ., 3/6 հարկ, քարե շենքԱրաբկիր, 1 սեն., 46 ք.մ., 3/6 հարկ$145,0001 սենյականոց բնակարան նորակառույց շենքում Արգիշտի փողոցում, 44 ք.մ., բարձր առաստաղներԿենտրոն, 1 սեն., 44 ք.մ., 3/3 հարկ$225,0003 սենյականոց բնակարան Աբովյան փողոցում, 74 ք.մ., 8/11 հարկ, կապիտալ վերանորոգվածԿենտրոն, 3 սեն., 74 ք.մ., 8/11 հարկ4 սենյականոց բնակարան Կոմիտասի պողոտայում, 162 ք.մ., մի քանի պատշգամբ, 1/5 հարկ, քարե շենքԱրաբկիր, 4 սեն., 162 ք.մ., 1/5 հարկ3 սենյականոց բնակարան Այգեստանի 9րդ փողոցում, 103 ք.մ., 2/12 հարկ, կապիտալ վերանորոգվածԿենտրոն, 3 սեն., 103 ք.մ., 2/12 հարկ$189,0003 սենյականոց բնակարան Տիգրան Մեծի պողոտայում, 90 ք.մ., 2 սանհանգույց, բարձր առաստաղներԿենտրոն, 3 սեն., 90 ք.մ., 5/5 հարկ$509,0008 սենյականոց բնակարան նորակառույց շենքում Վարդանանց փողոցում, 282 ք.մ., 3+ սանհանգույցԿենտրոն, 8 սեն., 282 ք.մ., 14/14 հարկ$235,0004 սենյականոց բնակարան նորակառույց շենքում Վերին Անտառային փողոցում, 130 ք.մ., 3+ սանհանգույցԿենտրոն, 4 սեն., 130 ք.մ., 1/6 հարկ$285,2003 սենյականոց բնակարան նորակառույց շենքում Քանաքեռ Զեյթունում, 124 ք.մ., 2 սանհանգույցՔանաքեռ Զեյթուն, 3 սեն., 124 ք.մ., 14/16 հարկ$385,0003 սենյականոց բնակարան նորակառույց շենքում Նաիրի Զարյան փողոցում, 115 ք.մ., 2 սանհանգույցԱրաբկիր, 3 սեն., 115 ք.մ., 7/15 հարկ3 սենյականոց բնակարան Զորավար Անդրանիկի փողոցում, 75 ք.մ., նախավերջին հարկ, կապիտալ վերանորոգվածՄալաթիա Սեբաստիա, 3 սեն., 75 ք.մ., 8/9 հարկԸնդարձակ 5 սենյականոց բնակարան նորակառույց շենքում Ալեք Մանուկյանի փողոցում, 300 ք.մ.Կենտրոն, 5 սեն., 300 ք.մ., 5/6 հարկ3 սենյականոց բնակարան նորակառույց շենքում Արաբկիրում, 109 ք.մ., բարձր առաստաղներ, 13/18 հարկԱրաբկիր, 3 սեն., 109 ք.մ., 13/18 հարկ$530,0003 սենյականոց բնակարան նորակառույց շենքում Հյուսիսային պողոտայում, 105 ք.մ., 2 սանհանգույցԿենտրոն, 3 սեն., 105 ք.մ., 5/9 հարկ$155,0002 սենյականոց բնակարան նորակառույց շենքում Արաբկիր 51 փողոցում, 86 ք.մ., 6/10 հարկԱրաբկիր, 2 սեն., 86 ք.մ., 6/10 հարկ$135,0003 սենյականոց բնակարան Նոր Արեշի 11րդ փողոցում, 110 ք.մ., նախավերջին հարկ, կապիտալ վերանորոգվածԷրեբունի, 3 սեն., 110 ք.մ., 4/5 հարկ$199,0003 սենյականոց բնակարան նորակառույց շենքում Ազատության պողոտայում, 80 ք.մ., 2 սանհանգույցԱրաբկիր, 3 սեն., 80 ք.մ., 2/8 հարկԸնդարձակ 8 սենյականոց բնակարան նորակառույց շենքում Մեսրոպ Մաշտոցի պողոտայում, 477 ք.մ.Կենտրոն, 8 սեն., 477 ք.մ., 12/12 հարկ$315,0002 սենյականոց բնակարան նորակառույց շենքում Արամի փողոցում, 63 ք.մ., բարձր առաստաղներԿենտրոն, 2 սեն., 63 ք.մ., 14/14 հարկ$390,0003 սենյականոց բնակարան նորակառույց շենքում Նար–Դոսի փողոցում, 130 ք.մ., 2 սանհանգույցԿենտրոն, 3 սեն., 130 ք.մ., 4/10 հարկ5 սենյականոց բնակարան Աբովյան փողոցում, 128 ք.մ., 3+ սանհանգույց, բարձր առաստաղներ, 1/5 հարկԿենտրոն, 5 սեն., 128 ք.մ., 1/5 հարկ3 սենյականոց բնակարան Մեսրոպ Մաշտոցի պողոտայում, 117 ք.մ., 2 սանհանգույց, բարձր առաստաղներԿենտրոն, 3 սեն., 117 ք.մ., 4/4 հարկ3 սենյականոց բնակարան նորակառույց շենքում Արամի փողոցում, 135 ք.մ., 2 սանհանգույց, բարձր առաստաղներԿենտրոն, 3 սեն., 135 ք.մ., 4/14 հարկ$380,0002 սենյականոց բնակարան նորակառույց շենքում Թումանյան փողոցում, 97 ք.մ., 4/8 հարկԿենտրոն, 2 սեն., 97 ք.մ., 4/8 հարկ3 սենյականոց բնակարան Նալբանդյան փողոցում, 82 ք.մ., 2 սանհանգույց, բարձր առաստաղներԿենտրոն, 3 սեն., 82 ք.մ., 4/9 հարկ4 սենյականոց բնակարան Նալբանդյան փողոցում, 185 ք.մ., 2 սանհանգույց, բարձր առաստաղներԿենտրոն, 4 սեն., 185 ք.մ., 5/5 հարկԸնդարձակ 5 սենյականոց բնակարան նորակառույց շենքում Տերյան փողոցում, 265 ք.մ., 3+ սանհանգույցԿենտրոն, 5 սեն., 265 ք.մ., 6/12 հարկ4 սենյականոց բնակարան Կոմիտասի պողոտայում, 94 ք.մ., 2 սանհանգույց, նախավերջին հարկԱրաբկիր, 4 սեն., 94 ք.մ., 6/7 հարկ$130,0003 սենյականոց բնակարան Կոմիտասի պողոտայում, 98 ք.մ., բարձր առաստաղներ, քարե շենքԱրաբկիր, 3 սեն., 98 ք.մ., 5/5 հարկ3 սենյականոց բնակարան Մեսրոպ Մաշտոցի պողոտայում, 85 ք.մ., բարձր առաստաղներ, նախավերջին հարկԿենտրոն, 3 սեն., 85 ք.մ., 4/5 հարկ$235,0004 սենյականոց բնակարան նորակառույց շենքում Վերին Անտառային փողոցում, 130 ք.մ., 2 սանհանգույցԿենտրոն, 4 սեն., 130 ք.մ., 1/6 հարկ2 սենյականոց բնակարան նորակառույց շենքում Մյասնիկյանի պողոտայում, 90 ք.մ., 2 սանհանգույցՆորք Մարաշ, 2 սեն., 90 ք.մ., 14/17 հարկ2 սենյականոց բնակարան նորակառույց շենքում Փավստոս Բուզանդի փողոցում, 55 ք.մ., բարձր առաստաղներԿենտրոն, 2 սեն., 55 ք.մ., 6/15 հարկ< Նախորդը   123   Հաջորդը >",ՏարածաշրջանԱմբողջըԱմբողջըԵրևանԱջափնյակԱրաբկիրԱվանԴավիթաշենԷրեբունիՔանաքեռ ԶեյթունԿենտրոնՄալաթիա ՍեբաստիաՆոր ՆորքՇենգավիթՆորք ՄարաշՆուբարաշենԱրմավիրԱրմավիրԷջմիածինԱրգավանդՓարաքարԱրտամետԱրարատԱրտաշատԱրգավանդՄխչյանՆոր ԿյուրինԳոռավանՍուրենավանԿոտայքԱբովյանԱկունքԱրամուսԱռինջԱրզականԲջնիՉարենցավանՁորաղբյուրԳառնիՋրվեժՔանաքեռավանՔասախՆոր ՀաճընՊռոշյանՊտղնիԾաղկաձորԵղվարդԶովունիԱրտավազՀանքավանՇիրակԳյումրիԼոռիՍտեփանավանՓամբակԳեղարքունիքՄարտունիՍևանԱրագածոտնԱգարակԱշտարակԲյուրականԿարբիՕհանավանՓարպիԱրտաշավանՄուղնիՏավուշԴիլիջանԻջևանՎայոց ՁորԵղեգնաձորՀայաստանից դուրսՌուսաստանԱյլ երկրներ
111,,"$119,000",Գին
112,ԱմբողջըԵրևանԱջափնյակԱրաբկիրԱվանԴավիթաշենԷրեբունիՔանաքեռ ԶեյթունԿենտրոնՄալաթիա ՍեբաստիաՆոր ՆորքՇենգավիթՆորք ՄարաշՆուբարաշենԱրմավիրԱրմավիրԷջմիածինԱրգավանդՓարաքարԱրտամետԱրարատԱրտաշատԱրգավանդՄխչյանՆոր ԿյուրինԳոռավանՍուրենավանԿոտայքԱբովյանԱկունքԱրամուսԱռինջԱրզականԲջնիՉարենցավանՁորաղբյուրԳառնիՋրվեժՔանաքեռավանՔասախՆոր ՀաճընՊռոշյանՊտղնիԾաղկաձորԵղվարդԶովունիԱրտավազՀանքավանՇիրակԳյումրիԼոռիՍտեփանավանՓամբակԳեղարքունիքՄարտունիՍևանԱրագածոտնԱգարակԱշտարակԲյուրականԿարբիՕհանավանՓարպիԱրտաշավանՄուղնիՏավուշԴիլիջանԻջևանՎայոց ՁորԵղեգնաձորՀայաստանից դուրսՌուսաստանԱյլ երկրներ,"$500,000",ՏարադրամԱմբողջըԱմբողջը֏ (AMD)$ (USD)
113,Ամբողջը֏ (AMD)$ (USD),"$395,000",Շինության տիպԱմբողջըԱմբողջըՔարեՊանելայինՄոնոլիտԱղյուսեԿասետայինՓայտե
114,ԱմբողջըՔարեՊանելայինՄոնոլիտԱղյուսեԿասետայինՓայտե,"$96,000",ՆորակառույցԱմբողջըԱմբողջըՈչԱյո
115,ԱմբողջըՈչԱյո,"$585,000",ՎերելակԱմբողջըԱմբողջըԱռկա էԱռկա չէ
116,ԱմբողջըԱռկա էԱռկա չէ,"$95,000",Ընդհանուր մակերես
117,Ամբողջը12345678+,"$129,000",Սենյակների քանակԱմբողջըԱմբողջը12345678+
118,Ամբողջը123+,"$95,000",Սանհանգույցների քանակԱմբողջըԱմբողջը123+
119,1234567891011121314151617181920212223242526272829303132+,"$217,000",Հարկսկսած1234567891011121314151617181920212223242526272829303132+մինչև1234567891011121314151617181920212223242526272829303132+
120,1234567891011121314151617181920212223242526272829303132+,"$235,000",ԿահույքԱմբողջըԱմբողջըԱռկա էԱռկա չէՄասնակի կահույքՀամաձայնությամբ
121,ԱմբողջըԱռկա էԱռկա չէՄասնակի կահույքՀամաձայնությամբ,"$460,000",ՎերանորոգումԱմբողջըԱմբողջըՉվերանորոգվածՀին վերանորոգումՄասնակի վերանորոգումԿոսմետիկ վերանորոգումԵվրովերանորոգվածԴիզայներական ոճով վերանորոգվածԿապիտալ վերանորոգված
122,ԱմբողջըՉվերանորոգվածՀին վերանորոգումՄասնակի վերանորոգումԿոսմետիկ վերանորոգումԵվրովերանորոգվածԴիզայներական ոճով վերանորոգվածԿապիտալ վերանորոգված,"$175,000","Նոր Նորք, 3 սեն., 78 ք.մ., 7/9 հարկ"
123,"3 սենյականոց բնակարան Գայի պողոտայում, 78 ք.մ., 7/9 հարկ, կապիտալ վերանորոգված","$179,000","Կենտրոն, 6 սեն., 200 ք.մ., 4/5 հարկ"
124,"6 սենյականոց բնակարան Մեսրոպ Մաշտոցի պողոտայում, 200 ք.մ., 3+ սանհանգույց, բարձր առաստաղներ","$359,000","Կենտրոն, 4 սեն., 149 ք.մ., 3/6 հարկ"
125,"4 սենյականոց բնակարան նորակառույց շենքում Վերին Անտառային փողոցում, 149 ք.մ., 2 սանհանգույց","$345,000","Կենտրոն, 4 սեն., 130 ք.մ., 3/5 հարկ"
126,"4 սենյականոց բնակարան նորակառույց շենքում Դերենիկ Դեմիրճյանի փողոցում, 130 ք.մ., 2 սանհանգույց","$195,000","Արաբկիր, 1 սեն., 30 ք.մ., 13/13 հարկ"
127,"1 սենյականոց բնակարան նորակառույց շենքում Վահրամ Փափազյան փողոցում, 30 ք.մ., կապիտալ վերանորոգված","$99,000","Արաբկիր, 5 սեն., 210 ք.մ., 12/12 հարկ"
128,"5 սենյականոց բնակարան նորակառույց շենքում Վահրամ Փափազյան փողոցում, 210 ք.մ., 3+ սանհանգույց","$150,000","Արաբկիր, 2 սեն., 56 ք.մ., 5/5 հարկ"
129,"2 սենյականոց բնակարան Արաբկիրում, 56 ք.մ., քարե շենք","$183,000","Արաբկիր, 3 սեն., 68 ք.մ., 5/6 հարկ"
130,"3 սենյականոց բնակարան, Թբիլիսյան խճուղի, 68 ք.մ., նախավերջին հարկ, կոսմետիկ վերանորոգում, քարե շենք","$380,000","Դավիթաշեն, 3 սեն., 79 ք.մ., 3/14 հարկ"
131,"3 սենյականոց բնակարան, Դավթաշեն 2-րդ թաղամաս, 79 ք.մ., 3/14 հարկ","$410,000","Դավիթաշեն, 4 սեն., 110 ք.մ., 8/12 հարկ"
132,"4 սենյականոց բնակարան նորակառույց շենքում Անաստաս Միկոյանի փողոցում, 110 ք.մ., 2 սանհանգույց","$125,000","Կենտրոն, 3 սեն., 130 ք.մ., 1/6 հարկ"
133,"3 սենյականոց բնակարան նորակառույց շենքում Վերին Անտառային փողոցում, 130 ք.մ., 3+ սանհանգույց","$230,000","Նորք Մարաշ, 4 սեն., 122 ք.մ., 2/17 հարկ"
134,"4 սենյականոց բնակարան նորակառույց շենքում Նորք Մարաշում, 122 ք.մ., 3+ սանհանգույց, բարձր առաստաղներ","$191,000","Արաբկիր, 4 սեն., 170 ք.մ., 10/15 հարկ"
135,"4 սենյականոց բնակարան նորակառույց շենքում Օրբելի եղբայրների փողոցում, 170 ք.մ., 2 սանհանգույց","$1,380,000","Նորք Մարաշ, 4 սեն., 116 ք.մ., 7/17 հարկ"
136,"4 սենյականոց բնակարան նորակառույց շենքում Մյասնիկյանի պողոտայում, 116 ք.մ., 2 սանհանգույց","$205,000","Կենտրոն, 3 սեն., 65 ք.մ., 11/16 հարկ"
137,"3 սենյականոց բնակարան Ամիրյան փողոցում, 65 ք.մ., 11/16 հարկ, կապիտալ վերանորոգված","$185,000","Կենտրոն, 4 սեն., 180 ք.մ., 2/7 հարկ"
138,"4 սենյականոց բնակարան նորակառույց շենքում, Այգեձորի 1-ին նրբանցք, 180 ք.մ., 3+ սանհանգույց","$230,000","Կենտրոն, 4 սեն., 218 ք.մ., 1/6 հարկ"
139,"Ընդարձակ 4 սենյականոց բնակարան նորակառույց շենքում Այգեձորի փողոցում, 218 ք.մ., 3+ սանհանգույց","$195,000","Կենտրոն, 3 սեն., 93 ք.մ., 2/14 հարկ"
140,"3 սենյականոց բնակարան Տիգրան Մեծի պողոտայում, 93 ք.մ., 2/14 հարկ, կապիտալ վերանորոգված","$410,000","Արաբկիր, 4 սեն., 123 ք.մ., 6/8 հարկ"
141,"4 սենյականոց բնակարան նորակառույց շենքում Նիկողայոս Ադոնցի փողոցում, 123 ք.մ., 2 սանհանգույց","$230,000","Կենտրոն, 2 սեն., 54 ք.մ., 7/15 հարկ"
142,"2 սենյականոց բնակարան նորակառույց շենքում Փավստոս Բուզանդի փողոցում, 54 ք.մ., բարձր առաստաղներ","$260,000","Կենտրոն, 6 սեն., 244 ք.մ., 11/13 հարկ"
143,"6 սենյականոց բնակարան նորակառույց շենքում Չարենցի փողոցում, 244 ք.մ., 3+ սանհանգույց","$142,000","Կենտրոն, 3 սեն., 63 ք.մ., 7/10 հարկ"
144,"3 սենյականոց բնակարան Պուշկինի փողոցում, 63 ք.մ., 7/10 հարկ, դիզայներական ոճով վերանորոգված","$800,000","Շենգավիթ, 3 սեն., 73 ք.մ., 1/4 հարկ"
145,"3 սենյականոց բնակարան Մայիսի 9-ի փողոցում, 73 ք.մ., բարձր առաստաղներ, 1/4 հարկ","$220,000","Էրեբունի, 3 սեն., 80 ք.մ., 3/4 հարկ"
146,"3 սենյականոց բնակարան նորակառույց շենքում Մուրացանի փողոցում, 80 ք.մ., բարձր առաստաղներ","$165,000","Շենգավիթ, 4 սեն., 120 ք.մ., 3/4 հարկ"
147,"4 սենյականոց բնակարան Եղբայրության փողոցում, 120 ք.մ., նախավերջին հարկ, կապիտալ վերանորոգված","$420,000","Կենտրոն, 5 սեն., 200 ք.մ., 4/8 հարկ"
148,"5 սենյականոց բնակարան նորակառույց շենքում Խորենացու փողոցում, 200 ք.մ., 3+ սանհանգույց","$850,000","Դավիթաշեն, 4 սեն., 150 ք.մ., 2/18 հարկ"
149,"4 սենյականոց բնակարան նորակառույց շենքում Սասնա Ծռերի փողոցում, 150 ք.մ., 2 սանհանգույց","$244,000","Դավիթաշեն, 3 սեն., 79 ք.մ., 7/9 հարկ"
150,"3 սենյականոց բնակարան Տիգրան Պետրոսյանի փողոցում, 79 ք.մ., 7/9 հարկ, կոսմետիկ վերանորոգում","$224,000","Կենտրոն, 4 սեն., 621 ք.մ., 9/9 հարկ"
151,"Ընդարձակ 4 սենյականոց բնակարան նորակառույց շենքում Հյուսիսային պողոտայում, 621 ք.մ., 3+ սանհանգույց","$350,000","Կենտրոն, 3 սեն., 65 ք.մ., 5/10 հարկ"
152,"3 սենյականոց բնակարան Թումանյան փողոցում, 65 ք.մ., 5/10 հարկ, կապիտալ վերանորոգված","75,000,000 ֏","Կենտրոն, 3 սեն., 65 ք.մ., 5/5 հարկ"
153,"3 սենյականոց բնակարան Դերենիկ Դեմիրճյանի փողոցում, 65 ք.մ., բարձր առաստաղներ, մի քանի պատշգամբ","$255,000","Կենտրոն, 4 սեն., 275 ք.մ., 3/7 հարկ"
154,"Ընդարձակ 4 սենյականոց բնակարան նորակառույց շենքում Պուշկինի փողոցում, 275 ք.մ., 2 սանհանգույց","$375,000","Դավիթաշեն, 4 սեն., 155 ք.մ., 10/12 հարկ"
155,"4 սենյականոց բնակարան նորակառույց շենքում Անաստաս Միկոյանի փողոցում, 155 ք.մ., 2 սանհանգույց","145,000,000 ֏","Կենտրոն, 3 սեն., 70 ք.մ., 10/10 հարկ"
156,"3 սենյականոց բնակարան Վարդանանց փողոցում, 70 ք.մ., դիզայներական ոճով վերանորոգված","$850,000","Կենտրոն, 8 սեն., 472 ք.մ., 4/5 հարկ"
157,"Ընդարձակ 8 սենյականոց բնակարան Տերյան փողոցում, 472 ք.մ., 3+ սանհանգույց, բարձր առաստաղներ","$179,000","Կենտրոն, 5 սեն., 72 ք.մ., 5/8 հարկ"
158,"5 սենյականոց բնակարան նորակառույց շենքում Տերյան փողոցում, 72 ք.մ., 3+ սանհանգույց, բարձր առաստաղներ","$145,000","Կենտրոն, 3 սեն., 78 ք.մ., 3/5 հարկ"
159,"3 սենյականոց բնակարան Զաքյան փողոցում, 78 ք.մ., բարձր առաստաղներ, 3/5 հարկ, կապիտալ վերանորոգված","$225,000","Արաբկիր, 4 սեն., 220 ք.մ., 13/16 հարկ"
160,"Ընդարձակ 4 սենյականոց բնակարան նորակառույց շենքում Նաիրի Զարյան փողոցում, 220 ք.մ., 2 սանհանգույց","$189,000","Կենտրոն, 3 սեն., 120 ք.մ., 6/12 հարկ"
161,"3 սենյականոց բնակարան նորակառույց շենքում Չարենցի փողոցում, 120 ք.մ., 2 սանհանգույց","$509,000","Կենտրոն, 5 սեն., 200 ք.մ., 4/5 հարկ"
162,"5 սենյականոց բնակարան Եզնիկ Կողբացու փողոցում, 200 ք.մ., 3+ սանհանգույց, բարձր առաստաղներ","$235,000","Արաբկիր, 3 սեն., 90 ք.մ., 1/4 հարկ"
163,"3 սենյականոց բնակարան Ազատության պողոտայում, 90 ք.մ., բարձր առաստաղներ, 1/4 հարկ","$285,200","Կենտրոն, 4 սեն., 156 ք.մ., 9/14 հարկ"
164,"4 սենյականոց բնակարան նորակառույց շենքում Մարշալ Բաղրամյան պողոտայում, 156 ք.մ., 3+ սանհանգույց","$385,000","Կենտրոն, 3 սեն., 105 ք.մ., 3/22 հարկ"
165,"3 սենյականոց բնակարան նորակառույց շենքում, Ծիծեռնակաբերդի խճուղի, 105 ք.մ., 2 սանհանգույց","$530,000","Կենտրոն, 3 սեն., 77 ք.մ., 1/12 հարկ"
166,"3 սենյականոց բնակարան Սայաթ-Նովայի պողոտայում, 77 ք.մ., բարձր առաստաղներ, 1/12 հարկ","$155,000","Կենտրոն, 8 սեն., 320 ք.մ., 4/5 հարկ"
167,"8 սենյականոց բնակարան Եզնիկ Կողբացու փողոցում, 320 ք.մ., 3+ սանհանգույց, բարձր առաստաղներ","$135,000","Ռուսաստան, 4 սեն., 145 ք.մ., 6/9 հարկ"
168,"4 սենյականոց բնակարան Ռուսաստանում, 145 ք.մ., 3+ սանհանգույց, բարձր առաստաղներ, մի քանի պատշգամբ","$199,000","Արաբկիր, 3 սեն., 86 ք.մ., 7/8 հարկ"
169,"3 սենյականոց բնակարան նորակառույց շենքում Նիկողայոս Ադոնցի փողոցում, 86 ք.մ., 2 սանհանգույց","$315,000","Կենտրոն, 8 սեն., 650 ք.մ., 2/2 հարկ"
170,"Ընդարձակ 8 սենյականոց բնակարան նորակառույց շենքում Մյասնիկյանի պողոտայում, 650 ք.մ., 3+ սանհանգույց","$390,000","Կենտրոն, 3 սեն., 86 ք.մ., 3/5 հարկ"
171,"3 սենյականոց բնակարան Ավետիք Իսահակյան փողոցում, 86 ք.մ., բարձր առաստաղներ, 3/5 հարկ","$380,000","Կենտրոն, 2 սեն., 70 ք.մ., 4/8 հարկ"
172,"2 սենյականոց բնակարան նորակառույց շենքում Տերյան փողոցում, 70 ք.մ., բարձր առաստաղներ","$130,000","Կենտրոն, 4 սեն., 176 ք.մ., 3/14 հարկ"
173,"4 սենյականոց բնակարան նորակառույց շենքում Ձորափի փողոցում, 176 ք.մ., 3+ սանհանգույց","$235,000","Նորք Մարաշ, 3 սեն., 110 ք.մ., 16/17 հարկ"
174,"3 սենյականոց բնակարան նորակառույց շենքում Մյասնիկյանի պողոտայում, 110 ք.մ., 2 սանհանգույց",no price,"Նորք Մարաշ, 3 սեն., 112 ք.մ., 14/17 հարկ"
175,"3 սենյականոց բնակարան նորակառույց շենքում Մյասնիկյանի պողոտայում, 112 ք.մ., 2 սանհանգույց",no price,"Կենտրոն, 3 սեն., 100 ք.մ., 5/5 հարկ"
176,"3 սենյականոց բնակարան նորակառույց շենքում Սայաթ-Նովայի պողոտայում, 100 ք.մ., բարձր առաստաղներ",no price,"Կենտրոն, 3 սեն., 100 ք.մ., 5/5 հարկ"
177,"3 սենյականոց բնակարան Գրիգոր Լուսավորչի փողոցում, 100 ք.մ., բարձր առաստաղներ, կոսմետիկ վերանորոգում",no price,"Կենտրոն, 3 սեն., 100 ք.մ., 9/11 հարկ"
178,"3 սենյականոց բնակարան նորակառույց շենքում Եզնիկ Կողբացու փողոցում, 100 ք.մ., 2 սանհանգույց",no price,"Նորք Մարաշ, 3 սեն., 89 ք.մ., 4/5 հարկ"
179,"3 սենյականոց բնակարան նորակառույց շենքում Գևորգ Հովսեփյանի փողոցում, 89 ք.մ., 2 սանհանգույց",no price,"Կենտրոն, 3 սեն., 110 ք.մ., 3/5 հարկ"
180,"3 սենյականոց բնակարան Աբովյան փողոցում, 110 ք.մ., բարձր առաստաղներ, մի քանի պատշգամբ, 3/5 հարկ",no price,"Նորք Մարաշ, 2 սեն., 89 ք.մ., 14/17 հարկ"
181,"2 սենյականոց բնակարան նորակառույց շենքում Մյասնիկյանի պողոտայում, 89 ք.մ., 2 սանհանգույց",no price,"Նորք Մարաշ, 3 սեն., 110 ք.մ., 16/17 հարկ"
182,"3 սենյականոց բնակարան նորակառույց շենքում Մյասնիկյանի պողոտայում, 110 ք.մ., բարձր առաստաղներ",no price,"Դավիթաշեն, 5 սեն., 158 ք.մ., 10/19 հարկ"
183,"5 սենյականոց բնակարան նորակառույց շենքում Սասնա Ծռերի փողոցում, 158 ք.մ., 2 սանհանգույց",no price,"Կենտրոն, 4 սեն., 201 ք.մ., 2/16 հարկ"
184,"Ընդարձակ 4 սենյականոց բնակարան նորակառույց շենքում Բյուզանդի փողոցում, 201 ք.մ., 2 սանհանգույց",no price,"Կենտրոն, 3 սեն., 94 ք.մ., 5/9 հարկ"
185,"3 սենյականոց բնակարան Ադմիրալ Իսակովի պողոտայում, 94 ք.մ., 2 սանհանգույց, 5/9 հարկ",no price,"Արաբկիր, 1 սեն., 46 ք.մ., 3/6 հարկ"
186,"1 սենյականոց բնակարան Գուլակյան փողոցում, 46 ք.մ., 3/6 հարկ, քարե շենք",no price,"Կենտրոն, 1 սեն., 44 ք.մ., 3/3 հարկ"
187,"1 սենյականոց բնակարան նորակառույց շենքում Արգիշտի փողոցում, 44 ք.մ., բարձր առաստաղներ",no price,"Կենտրոն, 3 սեն., 74 ք.մ., 8/11 հարկ"
188,"3 սենյականոց բնակարան Աբովյան փողոցում, 74 ք.մ., 8/11 հարկ, կապիտալ վերանորոգված",no price,"Արաբկիր, 4 սեն., 162 ք.մ., 1/5 հարկ"
189,"4 սենյականոց բնակարան Կոմիտասի պողոտայում, 162 ք.մ., մի քանի պատշգամբ, 1/5 հարկ, քարե շենք",no price,"Կենտրոն, 3 սեն., 103 ք.մ., 2/12 հարկ"
190,"3 սենյականոց բնակարան Այգեստանի 9րդ փողոցում, 103 ք.մ., 2/12 հարկ, կապիտալ վերանորոգված",no price,"Կենտրոն, 3 սեն., 90 ք.մ., 5/5 հարկ"
191,"3 սենյականոց բնակարան Տիգրան Մեծի պողոտայում, 90 ք.մ., 2 սանհանգույց, բարձր առաստաղներ",no price,"Կենտրոն, 8 սեն., 282 ք.մ., 14/14 հարկ"
192,"8 սենյականոց բնակարան նորակառույց շենքում Վարդանանց փողոցում, 282 ք.մ., 3+ սանհանգույց",no price,"Կենտրոն, 4 սեն., 130 ք.մ., 1/6 հարկ"
193,"4 սենյականոց բնակարան նորակառույց շենքում Վերին Անտառային փողոցում, 130 ք.մ., 3+ սանհանգույց",no price,"Քանաքեռ Զեյթուն, 3 սեն., 124 ք.մ., 14/16 հարկ"
194,"3 սենյականոց բնակարան նորակառույց շենքում Քանաքեռ Զեյթունում, 124 ք.մ., 2 սանհանգույց",no price,"Արաբկիր, 3 սեն., 115 ք.մ., 7/15 հարկ"
195,"3 սենյականոց բնակարան նորակառույց շենքում Նաիրի Զարյան փողոցում, 115 ք.մ., 2 սանհանգույց",no price,"Մալաթիա Սեբաստիա, 3 սեն., 75 ք.մ., 8/9 հարկ"
196,"3 սենյականոց բնակարան Զորավար Անդրանիկի փողոցում, 75 ք.մ., նախավերջին հարկ, կապիտալ վերանորոգված",no price,"Կենտրոն, 5 սեն., 300 ք.մ., 5/6 հարկ"
197,"Ընդարձակ 5 սենյականոց բնակարան նորակառույց շենքում Ալեք Մանուկյանի փողոցում, 300 ք.մ.",no price,"Արաբկիր, 3 սեն., 109 ք.մ., 13/18 հարկ"
198,"3 սենյականոց բնակարան նորակառույց շենքում Արաբկիրում, 109 ք.մ., բարձր առաստաղներ, 13/18 հարկ",no price,"Կենտրոն, 3 սեն., 105 ք.մ., 5/9 հարկ"
199,"3 սենյականոց բնակարան նորակառույց շենքում Հյուսիսային պողոտայում, 105 ք.մ., 2 սանհանգույց",no price,"Արաբկիր, 2 սեն., 86 ք.մ., 6/10 հարկ"
200,"2 սենյականոց բնակարան նորակառույց շենքում Արաբկիր 51 փողոցում, 86 ք.մ., 6/10 հարկ",no price,"Էրեբունի, 3 սեն., 110 ք.մ., 4/5 հարկ"
201,"3 սենյականոց բնակարան Նոր Արեշի 11րդ փողոցում, 110 ք.մ., նախավերջին հարկ, կապիտալ վերանորոգված",no price,"Արաբկիր, 3 սեն., 80 ք.մ., 2/8 հարկ"
202,"3 սենյականոց բնակարան նորակառույց շենքում Ազատության պողոտայում, 80 ք.մ., 2 սանհանգույց",no price,"Կենտրոն, 8 սեն., 477 ք.մ., 12/12 հարկ"
203,"Ընդարձակ 8 սենյականոց բնակարան նորակառույց շենքում Մեսրոպ Մաշտոցի պողոտայում, 477 ք.մ.",no price,"Կենտրոն, 2 սեն., 63 ք.մ., 14/14 հարկ"
204,"2 սենյականոց բնակարան նորակառույց շենքում Արամի փողոցում, 63 ք.մ., բարձր առաստաղներ",no price,"Կենտրոն, 3 սեն., 130 ք.մ., 4/10 հարկ"
205,"3 սենյականոց բնակարան նորակառույց շենքում Նար–Դոսի փողոցում, 130 ք.մ., 2 սանհանգույց",no price,"Կենտրոն, 5 սեն., 128 ք.մ., 1/5 հարկ"
206,"5 սենյականոց բնակարան Աբովյան փողոցում, 128 ք.մ., 3+ սանհանգույց, բարձր առաստաղներ, 1/5 հարկ",no price,"Կենտրոն, 3 սեն., 117 ք.մ., 4/4 հարկ"
207,"3 սենյականոց բնակարան Մեսրոպ Մաշտոցի պողոտայում, 117 ք.մ., 2 սանհանգույց, բարձր առաստաղներ",no price,"Կենտրոն, 3 սեն., 135 ք.մ., 4/14 հարկ"
208,"3 սենյականոց բնակարան նորակառույց շենքում Արամի փողոցում, 135 ք.մ., 2 սանհանգույց, բարձր առաստաղներ",no price,"Կենտրոն, 2 սեն., 97 ք.մ., 4/8 հարկ"
209,"2 սենյականոց բնակարան նորակառույց շենքում Թումանյան փողոցում, 97 ք.մ., 4/8 հարկ",no price,"Կենտրոն, 3 սեն., 82 ք.մ., 4/9 հարկ"
210,"3 սենյականոց բնակարան Նալբանդյան փողոցում, 82 ք.մ., 2 սանհանգույց, բարձր առաստաղներ",no price,"Կենտրոն, 4 սեն., 185 ք.մ., 5/5 հարկ"
211,"4 սենյականոց բնակարան Նալբանդյան փողոցում, 185 ք.մ., 2 սանհանգույց, բարձր առաստաղներ",no price,"Կենտրոն, 5 սեն., 265 ք.մ., 6/12 հարկ"
212,"Ընդարձակ 5 սենյականոց բնակարան նորակառույց շենքում Տերյան փողոցում, 265 ք.մ., 3+ սանհանգույց",no price,"Արաբկիր, 4 սեն., 94 ք.մ., 6/7 հարկ"
213,"4 սենյականոց բնակարան Կոմիտասի պողոտայում, 94 ք.մ., 2 սանհանգույց, նախավերջին հարկ",no price,"Արաբկիր, 3 սեն., 98 ք.մ., 5/5 հարկ"
214,"3 սենյականոց բնակարան Կոմիտասի պողոտայում, 98 ք.մ., բարձր առաստաղներ, քարե շենք",no price,"Կենտրոն, 3 սեն., 85 ք.մ., 4/5 հարկ"
215,"3 սենյականոց բնակարան Մեսրոպ Մաշտոցի պողոտայում, 85 ք.մ., բարձր առաստաղներ, նախավերջին հարկ",no price,"Կենտրոն, 4 սեն., 130 ք.մ., 1/6 հարկ"
216,"4 սենյականոց բնակարան նորակառույց շենքում Վերին Անտառային փողոցում, 130 ք.մ., 2 սանհանգույց",no price,"Նորք Մարաշ, 2 սեն., 90 ք.մ., 14/17 հարկ"
217,"2 սենյականոց բնակարան նորակառույց շենքում Մյասնիկյանի պողոտայում, 90 ք.մ., 2 սանհանգույց",no price,"Կենտրոն, 2 սեն., 55 ք.մ., 6/15 հարկ"
218,"2 սենյականոց բնակարան նորակառույց շենքում Փավստոս Բուզանդի փողոցում, 55 ք.մ., բարձր առաստաղներ",no price,no disc
219,© 2005-2023 List.am,no price,no disc
